vendor_id,manual_pattern_score_mean,late_payment_risk_max,discount_risk_score_mean,invoice_count_sum,amount_sum,amount_mean
V10000,0.367348082012318,1.0,0.09508385507608844,50879689,1166337560.033091,163512.90621520975
V10001,0.372993404603175,1.0,0.10047663226091195,51022449,1070699858.1771142,149894.9822451511
V10002,0.3606890126742938,1.0,0.8674894771457223,52374169,1312003467.2014444,181291.06911723703
V10003,0.3706302574623983,1.0,0.44277785390830665,50594769,1206742490.731504,169653.09865478758
V10004,0.35964909406231155,0.9999999999999998,0.0962416042116444,50836900,1118582312.5434167,156883.91480272324
V10005,0.37215660667465106,1.0,0.24124808848544052,51753636,1223148796.1074002,170023.46345668615
V10006,0.35780559254273914,1.0,0.20944487485972474,50922496,1204607819.7457306,168807.1496280452
V10007,0.3605455492795723,1.0,0.7160789171641794,53465344,1261624581.9977684,172541.65508722214
V10008,0.36060660448655624,1.0,0.11000883586523882,52157284,1147525829.5734904,158893.0808049696
V10009,0.36384120149765004,1.0,0.10848092183694609,52301824,1139526283.2825534,157567.2404981407
V10010,0.36598020600564785,1.0,0.09737360748806104,51065316,1131679405.0970895,158365.43592178694
V10011,0.35938839999575317,1.0,0.10104459423352002,51308569,1140640914.4590518,159240.66933673766
V10012,0.3628910535047937,1.0,0.99999999994449,54552996,1299455234.1651003,175934.90849784733
V10013,0.35907412998482113,1.0,0.15849364943341873,50523664,1184191912.3218122,166599.8751156179
V10014,0.37362419623641774,1.0,0.08176259428985244,49787136,1112692362.7611353,157694.49585616996
V10015,0.3644460028224774,1.0,0.15953168652477961,52128400,1219526483.8360996,168909.48529585867
V10016,0.36295705129126615,1.0,0.10307985829427348,51681721,1163872195.7929604,161896.25758700242
V10017,0.3646106704228292,1.0,0.07601480827349802,49308484,1092388280.5762331,155566.54522589478
V10018,0.37152849904236923,1.0,0.10840789039131155,52707600,1121562556.8380094,154485.20066639248
V10019,0.3614899275167225,1.0,0.07638447198283947,49266361,1130216991.5835047,161022.50913000494
V10020,0.37076303423468737,1.0,0.2087930560182446,52925625,1057288369.4991281,145331.73463905542
V10021,0.35818017794139007,1.0,0.10668040089182337,51494976,1182090377.3584514,164728.31345574852
V10022,0.36909369208679527,1.0,0.17227536503336452,52577001,1209555302.272273,166812.2055264478
V10023,0.3709861202383835,1.0,0.12292626160151716,50268100,1070842241.7558277,151035.5771164778
V10024,0.3630362234098669,1.0,0.10657266551712684,52215076,1129176339.8547986,156265.75420077477
V10025,0.3707031281343436,1.0,0.11113091604887994,52316289,1176719699.197383,162687.63987244337
V10026,0.36532916365102686,1.0,0.09754959916514286,51208336,1150525599.7302263,160777.7528969014
V10027,0.366071586299397,1.0,0.09978944704349552,51509329,1116729936.1759768,155598.43056652872
V10028,0.3670157511374336,0.9999999999999998,0.07813021380892574,49773025,1039786824.3110898,147382.96588392483
V10029,0.3664565946970486,1.0,0.09960746195311113,51322896,1124671437.6860178,156989.3129098294
V10030,0.36187705065456577,1.0,0.08060995553495211,49900096,1119630231.912159,158498.05095019238
V10031,0.3581043059816931,1.0,0.11447919716473574,52200625,1090104706.4703143,150879.54414814038
V10032,0.36044643906578944,1.0,0.07940050738833868,49434961,1066103908.547853,151629.05824887683
V10033,0.35309695473026276,1.0,0.16679303590653363,52823824,1198135855.639241,164850.83319197042
V10034,0.3583351874535869,1.0,0.11569990191806295,52780225,1191179068.3875134,163961.33081727644
V10035,0.36016222513694374,1.0,0.20148686739869906,53538489,1167198676.4258893,159518.74763234786
V10036,0.3642733363962096,1.0,0.09594246101821086,51466276,1106111125.9593832,154183.31836623687
V10037,0.36564937785114826,0.9999999999999998,0.1049814812311931,51079609,1074796846.1703188,150384.3355492261
V10038,0.3581659522713375,1.0,0.10804420773239756,51940849,1173347936.8921838,162806.70693661494
V10039,0.3673910273076073,1.0,0.10474660880751664,51451929,1197810005.1515684,166988.7083718902
V10040,0.3680161525537537,1.0,0.20201888979730687,53479969,1173803704.0536785,160509.18966958547
V10041,0.3678394943058085,1.0,0.10591779487752118,50395801,1141176598.9356763,160751.73953171945
V10042,0.3616660296412533,1.0,0.0798087477598308,49646116,1205704543.7386734,171119.0098976261
V10043,0.3586228244681958,1.0,0.0946834379356062,50452609,1131583014.5786433,159310.57504978788
V10044,0.37421784250574036,0.9999999999999998,0.09900763729494896,50993881,1141972392.8636537,159917.7136064492
V10045,0.3745146267545382,1.0,0.09357260337308787,50836900,1115850759.0514092,156500.80772109528
V10046,0.36421770366538336,0.9999999999999998,0.1122654311736741,52432081,1107438532.754052,152939.99899931665
V10047,0.3614674814352633,1.0,0.11159068868991347,52388644,1180716538.9129698,163127.45771110387
V10048,0.37308319848432986,1.0,0.09846826502962108,51151104,1165181162.8208923,162916.82925348048
V10049,0.36559544455325294,1.0,0.08118637670273932,49928356,1113346866.6201458,157563.94942260766
V10050,0.3661007551006346,1.0,0.076735221955487,49252324,1162138967.7156394,165594.03928692496
V10051,0.35778961439595364,1.0,0.07399988435178217,48678529,1224927567.3930523,175566.51388749495
V10052,0.36136774608504224,1.0,0.1200006637281589,52417600,1095435557.268525,151303.25376637085
V10053,0.3768479019592654,1.0,0.10374445359324602,51724864,1115054917.658186,155041.00634846857
V10054,0.37293390130286014,1.0,0.10575302252468764,51538041,1089642394.0404813,151781.91865726165
V10055,0.37333471247075417,1.0,0.09582549950105539,50509449,1097328046.671731,154401.0196526989
V10056,0.35711518999356323,1.0,0.1538572398190615,51079609,1056391824.8808291,147809.1261901258
V10057,0.3593149780942418,1.0,0.11003493926533885,51969681,1182547165.3413115,164037.6148344169
V10058,0.36842532468956773,1.0,0.09849900426884024,51279921,1117765688.5726044,156090.72595623578
V10059,0.36679486087547897,1.0,0.16417661004981088,53158681,1170203392.0785048,160499.71088719033
V10060,0.3631809260059445,1.0,0.0978793254527875,50908225,1139670130.1705034,159729.52069663678
V10061,0.36830826169055253,0.9999999999999998,0.10622686419660765,51624225,1156000548.1022372,160890.82089105598
V10062,0.35856624995946756,1.0,0.18706857075719824,53158681,1189237729.7109637,163110.37302303713
V10063,0.35339240945276246,1.0,0.1080054892188583,51753636,1203677018.4465995,167316.79433508473
V10064,0.3640441415834832,1.0,0.10298983649076573,51768025,1144211594.3692887,159028.7136024029
V10065,0.3602539053023201,1.0,0.11290761179457436,51380224,1201515819.7186058,167622.18467056443
V10066,0.37115654601465203,1.0,0.07474581232658141,49196196,1066606601.4310268,152068.23516267847
V10067,0.3691396019882601,1.0,0.4577845876090526,50041476,1205510976.1546612,170414.3308106674
V10068,0.3719347625590403,1.0,0.11164586961109431,52475536,1133933857.8411129,156534.21560479194
V10069,0.3622628735974253,1.0,0.0940510442117916,50851161,1108219416.2620983,155408.69671323773
V10070,0.3659696128098995,1.0,0.10180034314909135,51538041,1121204655.7145612,156178.38915093485
V10071,0.35496131151988053,1.0,0.11781853890187992,52229529,1201399820.8366857,166237.69487154915
V10072,0.3670187721846021,1.0,0.10583321218506202,51595489,1171313826.4618828,163067.4963750359
V10073,0.37023185102121536,1.0,0.10892364768303733,52215076,1151327021.4403775,159331.16820376107
V10074,0.3517773823688647,1.0,0.1975885114744726,52765696,1074864888.9489977,147971.4880161065
V10075,0.37107495869419155,1.0,0.15865847625824192,50282281,1051611519.9062358,148302.28739334873
V10076,0.35937953889093865,1.0,0.0937435084951676,50794129,1123299298.8013198,157611.8000282475
V10077,0.3616204640535944,1.0,0.11472920304899933,52504516,1179592064.0199776,162792.17002759833
V10078,0.3665617094912903,1.0,0.07762445577576792,49434961,1100700082.677878,156549.5779658481
V10079,0.3570433622036619,1.0,0.07529645222788671,49392784,1045469067.5942022,148757.69316935146
V10080,0.3639198043083111,1.0,0.09962018849168773,50936769,1153832832.2026536,161669.16522385506
V10081,0.37217632289703845,1.0,0.09112939520117004,50594769,1130746746.6514943,158969.0350979185
V10082,0.36233827723784284,1.0,0.11001504047592192,51739249,1182205905.0977778,164355.05423297343
V10083,0.3697152336025773,1.0,0.10899422706027473,51581124,1196925274.148335,166656.2620646526
V10084,0.3634725336871792,1.0,0.11883168883340958,50083929,1125709891.5093503,159065.97308313556
V10085,0.3760180743279148,1.0,0.09668113712120201,51265600,1105879910.6957302,154452.50149381708
V10086,0.3601536836030371,1.0,0.09520027051657937,51051025,1143788898.5834672,160082.4210753628
V10087,0.36518655953604345,1.0,0.11338548011533171,52272900,1175520822.542852,162589.32538628657
V10088,0.3597672964167175,1.0,0.5507429054055224,52925625,1256587883.2578871,172726.85680520785
V10089,0.3574689740284645,1.0,0.2292035782716767,53363025,1062557865.1433363,145456.24437280442
V10090,0.36565532770393033,1.0,0.09614030017621111,50765625,1135057774.377339,159306.3542985739
V10091,0.363045615528582,1.0,0.10159424883795612,51696100,1135071008.1801603,157868.0122642782
V10092,0.36688171748709475,1.0,0.17108651823336005,53173264,1180612732.9719307,161905.20199834486
V10093,0.3679212528771057,1.0,0.22187589608815375,51811204,1217909017.834251,169201.03054101847
V10094,0.376065575894868,1.0,0.12481880682849661,50041476,1102129783.2394361,155800.0824483229
V10095,0.3640947597733006,0.9999999999999991,0.10662468080483316,51753636,1159857458.8777988,161225.66845674155
V10096,0.3504197036311295,1.0,0.08010049783551192,49575681,1119295337.9200902,158968.2343303636
V10097,0.3612646676721149,1.0,0.10501515333324678,51768025,1151438292.8839533,160033.11923335
V10098,0.36903986594271,1.0,0.17080307010266113,53144100,1119072753.8186154,153507.92233451514
V10099,0.3663669010249279,1.0,0.10655517281383703,52330756,1138788947.2582083,157421.7510724645
V10100,0.35536089390346753,0.9999999999999998,0.10679158309404682,50779876,1069907868.5297316,150141.43538166315
V10101,0.35662270023633846,1.0,0.11722574807662943,50580544,1068695918.7318403,150266.5802491339
V10102,0.3598131107289335,1.0,0.10164917942456317,51466276,1149019874.074818,160164.46530175884
V10103,0.36636135836071815,1.0,0.10653556431139118,52056225,1145377926.6185822,158749.53937887488
V10104,0.37676246046134765,1.0,0.09546596377127718,50608996,1088961356.4720924,153073.00484566943
V10105,0.3650040194457095,1.0,0.12702155291864833,51811204,1073258415.7110097,149105.0869284537
V10106,0.36491742469220656,1.0,0.10785455402526507,52707600,1138147526.4348137,156769.63174033246
V10107,0.36615543076108487,1.0,0.09636855805436956,50665924,1089965653.3304067,153128.07717482533
V10108,0.36516247750321534,1.0,0.10806621338847237,52200625,1107717568.1977708,153317.3104772001
V10109,0.366105761845587,1.0,0.46815702009482146,50098084,1024645083.0561982,144764.77579205966
V10110,0.37259555679889955,1.0,0.5711580512951967,54169600,1219498543.3381212,165692.73686659255
V10111,0.35873758935395966,1.0,0.13327897581244322,52823824,1170742225.287397,161081.75912044538
V10112,0.36045693570259885,1.0,0.10604976480706246,52200625,1172846669.8246257,162331.7190068686
V10113,0.36335800291214176,1.0,0.08865102284346744,50466816,1110843042.641106,156368.67154294846
V10114,0.35850962840476475,1.0,0.29792295198886043,53787556,1144739453.904731,156086.64492837893
V10115,0.3632484583639244,1.0,0.10783038773209934,51796809,1087852873.9990008,151153.6576349869
V10116,0.3593796964338527,1.0,0.09922217024409444,50794129,1075109959.6123853,150850.28197171114
V10117,0.3641973367859468,1.0,0.38023532904605856,54081316,1170227191.417823,159127.98360318507
V10118,0.36144759225138606,1.0,0.5747024624316145,51437584,1258912623.3659313,175531.59834996253
V10119,0.3575111111829224,1.0,0.10549798239461507,52171729,1141822048.614284,158081.4133482326
V10120,0.35651775827625,0.9999999999999998,0.08135401551336909,49815364,1148862748.6141708,162774.54641742288
V10121,0.35763228421064597,1.0,0.07852486707261866,49505296,1086264736.5812483,154386.68797345768
V10122,0.3640160992476727,1.0,0.1113269717720551,52649536,1140754625.6631598,157215.35634828554
V10123,0.3604921710961033,1.0,0.09371143068253196,50481025,1125152971.6944013,158360.72789506
V10124,0.36476209999200576,0.9999999999999998,0.09715598385509751,50779876,1131753426.9375405,158820.2956690346
V10125,0.3728391091238463,1.0,0.09677669165491525,51179716,1126332708.3186176,157440.9712494573
V10126,0.3619782441872813,1.0,0.0976442214323505,51365889,1102918661.8522635,153888.46963196085
V10127,0.36635432445259775,1.0,0.09873619516104284,51351556,1134782838.677308,158356.5222826274
V10128,0.3660849429380841,1.0,0.267708159786005,53684929,1178051847.6694493,160782.29120642136
V10129,0.3614793965885098,1.0,0.1671059999596174,52345225,1070794931.2728996,148002.06375575668
V10130,0.3669789558445648,1.0,0.09413904325883593,50865424,1161044799.5724502,162793.71839209902
V10131,0.3712857177426049,1.0,0.09980015521559417,51222649,1140213429.9871666,159314.4376117321
V10132,0.3673769834817546,1.0,0.14193592444825026,52911076,1186252660.2702875,163081.2015768886
V10133,0.3574907768250451,1.0,0.07538030352899655,49308484,1112744330.2901301,158465.44151098406
V10134,0.366991917634515,1.0,0.09532516417853677,51251281,1090142964.5814843,152275.87157165585
V10135,0.3709839732181434,1.0,0.403153545388339,50651689,1209213632.3257978,169904.96449709116
V10136,0.3615124168459051,1.0,0.14624417413014013,52736644,1191826870.6094341,164118.269155802
V10137,0.36080123855527624,1.0,0.11648310310838696,52823824,1155550797.640826,158991.57920209493
V10138,0.3702544731877325,1.0,0.0800400476136528,49702500,1100527325.5199091,156103.16674041265
V10139,0.36580978345845655,1.0,0.10128034886929917,51308569,1153948809.9556904,161098.53552362006
V10140,0.373405937579249,1.0,0.09818294556094309,50566321,1151535032.6642725,161937.14423629202
V10141,0.3583684878595101,1.0,0.14556491826314202,52446564,1218632845.6305299,168272.96957063378
V10142,0.35768572895473993,1.0,0.09398954469392785,50836900,1106727969.1853414,155221.31405124
V10143,0.36682710598397417,1.0,0.1341461358680787,52911076,1178559499.4039476,162023.57704206044
V10144,0.3554200958569086,1.0,0.46475484635320646,54228496,1197840994.1331835,162661.73195724926
V10145,0.36820718532287344,1.0,0.10849741007783047,52200625,1177256860.2450554,162942.1259854748
V10146,0.36672177743590767,1.0,0.18430693241054388,53100369,1193262202.5759215,163752.18918291773
V10147,0.37659652334116434,0.9999999999999998,0.09752190718320601,51108201,1113528469.2452817,155760.032066762
V10148,0.3676639676298216,1.0,0.11139391726989852,52591504,1105501999.8592036,152440.98177870983
V10149,0.3690472304563075,1.0,0.10229607421378491,51768025,1164268125.5972311,161816.27874874652
V10150,0.36029065099624913,1.0,0.169702796637403,50183056,1047728533.5137163,147900.69643050767
V10151,0.36906462760941083,1.0,0.3900576352462737,53890281,1179037265.6807725,160609.89860792435
V10152,0.36596318676464934,1.0,0.10604983075984338,51265600,1201241208.186332,167771.1184617782
V10153,0.3669044310456026,1.0,0.1599452689299512,53246209,1153979174.6375723,158144.3298119189
V10154,0.3626162228498974,1.0,0.10327381247290071,51739249,1154578353.1852663,160514.16004243935
V10155,0.35641331637851065,1.0,0.11313414429420068,52128400,1194922435.3487272,165501.72234746916
V10156,0.3571064366347537,1.0,0.34771131340741684,52736644,1232799846.2539852,169760.3754136581
V10157,0.3583705936086744,1.0,0.09321083577396136,50523664,1131016747.391646,159118.84459646116
V10158,0.3615847252619062,1.0,0.17939610251158622,50098084,1159576149.6262245,163828.2211961323
V10159,0.36841043258693135,1.0,0.09634079918017709,50779876,1148784147.569409,161210.23681860918
V10160,0.3695428938513354,1.0,0.10925316520161188,51940849,1187497674.539655,164770.0394810122
V10161,0.3562006867555303,1.0,0.10272313691808091,51624225,1123587081.162421,156379.55200590412
V10162,0.357283832412148,1.0,0.10798322008430142,52157284,1093063680.3665612,151351.93580262546
V10163,0.3594889392685143,1.0,0.07702429811600578,49112064,1113371763.5074573,158871.54159638373
V10164,0.36634915310138266,1.0,0.0809901741967084,49646116,1138338884.7339873,161558.1726843581
V10165,0.3627496019943111,1.0,0.09967026935274514,51108201,1160935687.465402,162391.33969302027
V10166,0.358217394264185,1.0,0.09230364073346412,50765625,1098331719.8025036,154151.8203231584
V10167,0.37531896693114236,1.0,0.5773408259709875,51724864,1248737651.1879225,173628.70567129066
V10168,0.3695161040242702,1.0,0.11139290345804667,52417600,1160310264.960956,160263.8487515133
V10169,0.3616629502781949,1.0,0.3729794021791961,50154724,1179601207.3588111,166563.28824609026
V10170,0.3653754106861414,1.0,0.10656900477213119,52258441,1113007118.5959837,153964.18849024537
V10171,0.36572768096260877,1.0,0.6259363518533099,52911076,1247609631.1579669,171516.30893015765
V10172,0.35745838136043095,1.0,0.4905719594296889,53611684,1228871128.7775822,167832.7135724641
V10173,0.36713676516626065,1.0,0.10963402477947884,52229529,1165961939.9998448,161334.15525112007
V10174,0.36853476291327447,1.0,0.11370543423970968,52461049,1152688589.4336526,159145.1869989856
V10175,0.3787244556364616,1.0,0.10044542213836082,51251281,1085318777.6365538,151602.00833029108
V10176,0.368440370560676,1.0,0.5833682557729958,50154724,1223936991.6550317,172823.63621223267
V10177,0.3532339929467674,1.0,0.07927884031910788,49942489,1058917987.1049982,149839.81705178975
V10178,0.3653293110167236,1.0,0.7489345821686089,53626329,1255651248.9060233,171466.78258992534
V10179,0.37480121071585354,1.0,0.21283857059259884,53377636,1155316925.5863872,158132.6205292071
V10180,0.36912383483651645,1.0,0.1297541838077394,51279921,1056425118.1860931,147524.8035450486
V10181,0.3737726364886974,1.0,0.3878690774553039,51768025,1233588958.2307181,171450.8628534702
V10182,0.3545769051951921,1.0,0.19900562342338318,53450721,1091307283.3223221,149269.2221751227
V10183,0.36097847187202453,1.0,0.09883997292944825,51451929,1116485843.8219302,155651.17019683955
V10184,0.3609616755221137,1.0,0.11781225579498418,52736644,1108905396.4399762,152699.72410354947
V10185,0.37293618482244656,1.0,0.18406419722664924,53363025,1145912207.0742288,156866.83190612303
V10186,0.3730211306068594,1.0,0.10284526783237193,51552400,1150446831.8276834,160229.36376430132
V10187,0.3670356993648106,1.0,0.13035128196243725,50694400,1176870018.6165729,165290.73295176585
V10188,0.3549208257968293,1.0,0.4343593247231196,54007801,1217215253.658299,165630.05220551082
V10189,0.3589595902728551,1.0,0.11112351158257554,52475536,1125776549.1989343,155408.13765860494
V10190,0.36479267555703293,1.0,0.11069938514566305,52664049,1132306849.2794595,156029.60579846485
V10191,0.35977701212167956,1.0,0.1802743822466398,52519009,1218650963.8236265,168159.3713017285
V10192,0.35694490622730873,1.0,0.623335986516268,50808384,1254734319.390906,176028.94492016078
V10193,0.3708852047553294,0.9999999999999998,0.1036214326177481,51681721,1105076008.556533,153717.62533822967
V10194,0.35885645389674087,1.0,0.10444539702600435,52142841,1104942498.9039757,153017.93365239934
V10195,0.3559654327957238,1.0,0.07716571530788774,49336576,1146849924.8891919,163275.90046827903
V10196,0.36207664390076466,1.0,0.09901703267751304,50353216,1136040669.6741612,160095.92300932374
V10197,0.36160500752595826,1.0,0.07518788588143903,49196196,1149575040.1904898,163897.21131886082
V10198,0.36166376445197473,0.9999999999999998,0.10454619117045429,51494976,1083268200.2054267,150957.10705203828
V10199,0.3534498107656113,1.0,0.10455494408493654,51696100,1174069957.336779,163292.0663889818
V10200,0.3623201547130495,1.0,0.2127820126182667,51308569,1215618709.838598,169708.0426969982
V10201,0.358920095959543,0.9999999999999998,0.10358927028585647,51883209,1107966805.7728393,153820.18683504642
V10202,0.3615144425629655,0.9999999999999998,0.09660005436545147,51022449,1095149610.7848818,153317.87915230042
V10203,0.3614342258797582,1.0,0.13578917939272103,51998521,1068088357.6838586,148119.31184077918
V10204,0.35907678049349256,0.9999999999999998,0.1258514554508478,51998521,1082305029.4235773,150090.83752927158
V10205,0.36446988342971115,1.0,0.11496275400089824,50665924,1060234356.1964643,148951.1599039708
V10206,0.3713979884425164,1.0,0.4448044671446944,51423241,1234605072.3612309,172166.37461459084
V10207,0.3719564607488703,1.0,0.0810561365631841,49702500,1097575361.9528515,155684.44850395058
V10208,0.36289575571859567,1.0,0.4077381938844653,51897616,1235120563.7542968,171449.2731474593
V10209,0.3535933070730172,1.0,0.6830299945173761,53831569,1248892659.1092806,170218.4352063896
V10210,0.35564375659679787,1.0,0.1082034945665685,52272900,1127793786.5028317,155988.07558822015
V10211,0.3622946932779751,1.0,0.5811421010774026,52229529,1265403240.6418629,175093.84815855304
V10212,0.3617976995244841,1.0,0.16058270854758722,51179716,1038872511.7613852,145215.61528674662
V10213,0.36878756960178194,0.999999999999972,0.09418210007404836,50637456,1106016431.8217542,155426.70486533927
V10214,0.367362451510161,1.0,0.13177928674678713,50836900,1180041532.1983721,165503.7212059428
V10215,0.36568009742127044,1.0,0.11615612701694851,52765696,1162916278.1289449,160093.09996268514
V10216,0.3695883830876838,1.0,0.07825651343258377,49196196,1137912789.9332774,162234.5009884912
V10217,0.3584880941424718,1.0,0.10864826989849519,52330756,1129814233.4784915,156181.1215756831
V10218,0.36508543780150476,1.0,0.08018287074862145,49603849,1113658624.6780243,158122.76369132817
V10219,0.37300463595023975,1.0,0.10381315409672759,51595489,1173159992.5383894,163324.51518006256
V10220,0.3533841350831238,1.0,0.3417163993122348,53978409,1168357150.4400606,159025.06471213565
V10221,0.35585769798262495,1.0,0.11386189676796021,52780225,1144678891.0928226,157560.7558283307
V10222,0.3616243351936242,1.0,0.09670773257890909,50794129,1137000404.7489786,159534.22263911585
V10223,0.35907400711222554,1.0,0.09919939767871305,50523664,1156928358.4609635,162764.25977222333
V10224,0.3678346439853436,1.0,0.0941817465449031,50822641,1120422472.1617298,157164.0443486786
V10225,0.3664450869432258,1.0,0.20774681929310312,50353216,1182768873.9264894,166681.07017002386
V10226,0.3599826156163734,1.0,0.43400220867922334,54449641,1174497143.35484,159167.52179900257
V10227,0.3700793620236224,1.0,0.3924314478309729,54110736,1174251433.5568614,159631.78813986696
V10228,0.3717718604216416,1.0,0.48888663347114675,54449641,1176766160.245097,159475.01832837742
V10229,0.36812379108688037,1.0,0.21076616832988945,53290000,1074095990.945202,147136.43711578113
V10230,0.3604250712742125,1.0,0.12336314735940676,50381604,1157307366.2929082,163046.9662289248
V10231,0.3728417078773728,1.0,0.10513033432798945,51294244,1077198415.181944,150404.69354676682
V10232,0.36673578556573405,1.0,0.19963904417763279,53056656,1069779595.1261623,146867.05040172464
V10233,0.3664301645124143,1.0,0.10277498942399267,51840000,1096226784.7005045,152253.7200972923
V10234,0.36850571582216407,1.0,0.11429409244636504,52548001,1177560298.3145149,162444.51625251965
V10235,0.36676304703633833,1.0,0.25908292796337273,52969284,1210431871.4899228,166313.8048213689
V10236,0.360420062526789,1.0,0.1319949197121282,50225569,1149433239.2501693,162188.97125020027
V10237,0.36458298742909917,1.0,0.11367799576151781,52287361,1187069255.1517935,164163.91303440652
V10238,0.35114577716701095,1.0,0.7608455486045976,54626881,1148879515.9682484,155443.0409915097
V10239,0.3623808061801206,1.0,0.10132852556699778,51093904,1075667896.884751,150485.15625136415
V10240,0.36602780305659066,1.0,0.09933970506828362,51208336,1141515370.371028,159518.63755883565
V10241,0.36565726731839815,1.0,0.7349135596230262,51351556,1272471192.846715,177570.63813099568
V10242,0.36491768117441986,1.0,0.09923071767216358,50580544,1150967539.5855322,161834.58093159902
V10243,0.37648311948618873,1.0,0.10468677394238815,51710481,1151057291.4159818,160069.15469558918
V10244,0.3628909657552782,1.0,0.12812512892946146,51265600,1058042118.5533515,147771.24560800998
V10245,0.3566408077946306,1.0,0.10813428302619543,52142841,1126628332.64769,156021.09578281263
V10246,0.3695850244801495,1.0,0.10137293966009409,51423241,1086479274.3905578,151510.14842986444
V10247,0.3591663173225041,1.0,0.09954913985798436,51451929,1102294671.043133,153672.75492027507
V10248,0.35730253700108766,1.0,0.22610955419411388,53290000,1111837241.4168684,152306.4714269683
V10249,0.3582069673383207,1.0,0.09697061985853325,50808384,1171288595.5536506,164322.19354007446
V10250,0.37142138685217213,1.0,0.09775755551155305,51108201,1138379770.4071212,159236.22470375174
V10251,0.37352795008045586,1.0,0.10003244506939199,50495236,1155982392.6512294,162676.94802297064
V10252,0.36694185476456154,1.0,0.14519730051910823,52838361,1192710479.7068155,164081.78287340974
V10253,0.35892324696410055,1.0,0.1339305663295657,51122500,1058558182.3674622,148050.0954360087
V10254,0.35946188560586456,1.0,0.17373147188634222,53421481,1165641957.1037219,159480.3608022605
V10255,0.37019747065651415,1.0,0.12839614886513942,50367409,1156055185.9356058,162893.5023158526
V10256,0.37025248767374785,1.0,0.10632465406648138,52287361,1122593439.8595352,155247.32953388678
V10257,0.36401912373408296,1.0,0.1022123638878168,51696100,1119759373.8917968,155738.43864976312
V10258,0.3705030429073696,1.0,0.11365709600946246,52881984,1131363300.7628553,155578.0116560582
V10259,0.35966915442298625,1.0,0.16249684855817634,50041476,1041969844.8466164,147295.70891244223
V10260,0.3733496847711634,1.0,0.09323406675074179,50353216,1112548306.9354694,156785.27437083842
V10261,0.3700567356985734,1.0,0.6837427671350573,51796809,1274156936.2063415,177040.00780969035
V10262,0.3635013824169864,1.0,0.10719580891016917,52041796,1161502333.5432405,161006.69996440818
V10263,0.3773164426223653,1.0,0.12438887796809746,50197225,1137621260.1888142,160567.57377400342
V10264,0.3731668333769228,1.0,0.18700584491576075,50936769,1202324144.9516966,168463.5203799491
V10265,0.3743863565877377,1.0,0.2783623049513401,52678564,1227028471.5723667,169058.75882782676
V10266,0.36681816548672397,1.0,0.23531120233231362,52794756,1218156834.8647919,167651.64256327992
V10267,0.3749542978769472,1.0,0.11225600296611385,52519009,1164415368.9866242,160675.50282691102
V10268,0.3661804878633248,1.0,0.15192516564581318,52780225,1093886891.3027673,150569.4275709246
V10269,0.3677728122074358,1.0,0.0772552471925622,49224256,1137761879.652206,162166.74453423687
V10270,0.36441999162916017,1.0,0.110298463358461,52215076,1157926315.4281528,160244.43889124726
V10271,0.3624031679877517,1.0,0.6019642613097115,51840000,1269187855.4934442,176276.09104075615
V10272,0.36799316163006474,1.0,0.10245966170703283,51595489,1123290330.1794276,156381.78061804644
V10273,0.35960832838595547,1.0,0.13367139811383041,50452609,1164671851.7643905,163969.00630218085
V10274,0.36969048261119,1.0,0.3235998345874922,52446564,1235506356.8249998,170602.92140637944
V10275,0.3555023862960157,1.0,0.1280737049952135,52070656,1080269142.1853657,149704.7037396571
V10276,0.3707096166186091,1.0,0.7383882096427692,52041796,1294203336.3643613,179401.62688721393
V10277,0.3663805870714825,1.0,0.10764836007187238,52287361,1134504312.6060932,156894.52532237495
V10278,0.3680850606887286,1.0,0.09638008894424359,50637456,1087463287.1228907,152819.4613719633
V10279,0.3756142417183104,1.0,0.1037637902837598,51681721,1166120341.2783396,162208.97778249264
V10280,0.3537399913864082,0.9999999999999998,0.09854603149025136,51165409,1123114090.8968315,157013.01424532806
V10281,0.35281756154504096,1.0,0.10711526899133493,50140561,1124411590.7751505,158792.76808009468
V10282,0.3653996794596849,1.0,0.12645409084105153,53085796,1135118696.212311,155794.49577440447
V10283,0.3585566139166765,1.0,0.09307071768119389,50154724,1103612904.7682266,155833.5081570498
V10284,0.3682867468320874,1.0,0.10815629694357186,51825601,1087826483.0380602,151107.99875511325
V10285,0.3739146536081368,1.0,0.15099019107285175,50466816,1171182928.1727812,164862.46173603338
V10286,0.36683884785482856,1.0,0.15765165420469726,50865424,1182453946.6291914,165795.56178199544
V10287,0.36391985034632246,1.0,0.09143906086218516,50936769,1097902335.2899625,153832.46956563857
V10288,0.3670484184752646,1.0,0.1087053901819994,51079609,1187457722.172193,166147.71542915812
V10289,0.36779927069669927,1.0,0.0961215923035244,51065316,1143585700.5016532,160031.58417319524
V10290,0.36785636099695546,1.0,0.077338046935943,49392784,1186236784.5571644,168787.24879868588
V10291,0.3648362711701844,1.0,0.1017159534971395,50993881,1175611138.5197492,164628.36276708433
V10292,0.3714695701874925,0.9999999999999998,0.13577103909605845,52998400,1115751925.8134115,153262.6271721719
V10293,0.36190656025433693,1.0,0.10067284250443609,51624225,1153886047.4742877,160596.52713629615
V10294,0.3673302309667086,1.0,0.5616894054458073,53919649,1238234416.6827388,168627.8655430667
V10295,0.3674971312167344,1.0,0.07190428242990275,48650625,1120681048.9999752,160671.11813619715
V10296,0.3621752122902262,1.0,0.10807618184838878,51825601,1174792192.7608266,163188.24736224845
V10297,0.3643270985910142,1.0,0.10034002752601265,50979600,1147740795.109256,160748.01051950364
V10298,0.3571648393939702,1.0,0.09838184198066167,51065316,1157711713.866009,162008.3562644849
V10299,0.36665703821097106,1.0,0.5026464581268528,51423241,1230895420.493327,171649.0615664938
V10300,0.3600751195409097,1.0,0.11421375719485355,52070656,1207302533.878879,167309.10946215063
V10301,0.37439104281803387,1.0,0.09766384826515492,50680161,1082627767.5005274,152075.8206911824
V10302,0.36053902433782403,1.0,0.1090104811185714,52417600,1192398863.9479969,164695.97568342497
V10303,0.3730000285521664,1.0,0.09747643852161697,51365889,1135758210.9129152,158470.51917300338
V10304,0.36961837896851013,1.0,0.09451027995685209,51065316,1095609365.8394628,153317.8513629251
V10305,0.3551408150990053,1.0,0.10403007502623678,51811204,1103731476.283947,153338.63243733635
V10306,0.3637035711346284,1.0,0.13112264196768345,50410000,1158327750.3677065,163144.7535729164
V10307,0.35635118409175504,1.0,0.10941108221593304,51782416,1193205319.3434856,165815.08050910028
V10308,0.36888189881859945,1.0,0.7533967413537622,54863649,1171722976.3881724,158191.30233403164
V10309,0.3611759891496018,1.0,0.10309969709195202,51753636,1093418034.4190226,151990.27445357555
V10310,0.36495692151482123,1.0,0.18860106918576,52577001,1064796199.6957319,146848.18641507818
V10311,0.36744521059479157,1.0,0.09500903048718277,51008164,1118327024.381382,156584.57356222093
V10312,0.3613093514803843,1.0,0.1010753020708651,50410000,1136648758.870955,160091.3744888669
V10313,0.35542661819346894,1.0,0.1162485185857304,52867441,1135404472.3219206,156155.2018046927
V10314,0.37068992824043173,1.0,0.2233926908814953,51581124,1220534647.353751,169943.5599211572
V10315,0.3738208507036325,0.9999999999999998,0.07270598783754993,48497296,1104330600.9889627,158577.0535595868
V10316,0.35392668258609306,1.0,0.10916281712348527,52330756,1170097253.1176534,161749.6893997309
V10317,0.3655752408444514,1.0,0.11965111636966066,50282281,1153509448.0347984,162672.32379562804
V10318,0.36381785015385715,1.0,0.09567799988035734,50965321,1130769225.921702,158393.22396998206
V10319,0.363446522421803,1.0,0.08006622496523103,49702500,1071415687.4391506,151973.8563743476
V10320,0.36549539958506677,1.0,0.10907325370222372,51868804,1185845082.8962748,164654.96846657523
V10321,0.3619165996884578,1.0,0.19860864768467565,52940176,1081966615.8159854,148703.49310280173
V10322,0.35556966558064584,1.0,0.14112671079589964,50041476,1112025865.3760412,157199.01970257863
V10323,0.3777966488258104,1.0,0.5993288943654493,50069776,1217408147.905729,172047.50535694306
V10324,0.364957409950578,1.0,0.1628956350239616,51509329,1049397673.0189058,146216.75811883877
V10325,0.3667558760659344,1.0,0.08073725734994648,49843600,1184730434.930008,167808.84347450538
V10326,0.36853474294663574,1.0,0.12204614208160414,52736644,1102668225.0247805,151840.84618903615
V10327,0.35543272130394427,1.0,0.1456116190487141,50879689,1192725532.3740635,167212.32754438012
V10328,0.3694348689042928,1.0,0.4803273573620095,50268100,1201471559.152447,169460.02244745372
V10329,0.36465144082006445,1.0,0.1572721881132099,50381604,1059254313.0328311,149232.78571891112
V10330,0.3584235311698094,1.0,0.12193160313389745,52794756,1109144813.6593814,152648.61184412075
V10331,0.3690752735913801,1.0,0.09558730393289187,50751376,1119806904.1005774,157187.94274292214
V10332,0.36422088342848213,1.0,0.10225476974388233,51796809,1133751258.7939386,157531.0905646712
V10333,0.35979472607021434,1.0,0.12468668644568276,50637456,1060546650.1459088,149036.90980128004
V10334,0.35101763780223727,1.0,0.21855443923107323,51552400,1222715708.576684,170294.6669326858
V10335,0.3649062339334536,1.0,0.10563125717325471,51523684,1173890610.941016,163540.06839523767
V10336,0.3677170362283512,1.0,0.0959839462414426,50893956,1121389559.9712498,157189.4533180894
V10337,0.3705715630715734,1.0,0.09596428862624012,51265600,1132600916.6277218,158184.485562531
V10338,0.3575387691765219,1.0,0.15072999449957894,52852900,1093863304.8602152,150462.6279037435
V10339,0.36603145299246004,1.0,0.09377029618932549,51051025,1107865866.723842,155054.7049298589
V10340,0.3564708792287081,1.0,0.10576572704230337,51868804,1188095864.2210648,164967.49017232226
V10341,0.3583113403905583,1.0,0.10357342761192241,51337225,1190269167.5582912,166122.70307861705
V10342,0.36882744348723806,1.0,0.10199162187577715,51868804,1130504991.0286224,156970.979037576
V10343,0.35233548925940655,1.0,0.11616004325236153,52722121,1151711969.321535,158616.16434672015
V10344,0.3621348304970589,1.0,0.09792528095079185,50808384,1088088123.9428875,152649.8490380033
V10345,0.3647833639726333,1.0,0.07628009121510042,48916036,1102405881.7214115,157621.65881061074
V10346,0.35379419751266994,0.9999999999999998,0.1027516335468748,51595489,1099419862.4620113,153058.59146067261
V10347,0.36475138777801874,1.0,0.08029070419783498,49463089,1207707392.1263738,171720.08988004745
V10348,0.35914339786436145,1.0,0.11308735050378843,52664049,1159713224.8303537,159806.14921184425
V10349,0.37777441853757004,1.0,0.18284620297467097,50225569,1167889528.3132305,164793.216920168
V10350,0.3659579127651761,1.0,0.0788325338684275,49829481,1069787106.5234518,151549.38468953842
V10351,0.36870664952065246,0.9999999999999998,0.09362748238566111,50466816,1125021653.922456,158364.53461746284
V10352,0.37094970580208547,1.0,0.07598250031964945,49364676,1062452695.7683438,151217.29230975575
V10353,0.3679126235474183,1.0,0.12755692686025316,50183056,1079944107.1979253,152448.34940682177
V10354,0.35669013905456415,1.0,0.08447631689578222,49885969,1153639319.0665612,163335.596639751
V10355,0.3607924931732258,1.0,0.11449667049034307,52504516,1179208084.5424132,162739.17810411443
V10356,0.35770878738114575,1.0,0.26766456640741404,50353216,1024118628.4821053,144323.36929003737
V10357,0.35898035017383395,1.0,0.09684652993511045,51265600,1122595422.806695,156787.07022439875
V10358,0.36601534668731694,1.0,0.1685711125009384,50665924,1032148523.3953224,145005.41210948615
V10359,0.3674480421864263,1.0,0.11224081790080036,51279921,1195098507.1541677,166889.89067925815
V10360,0.3675105789144646,1.0,0.3779360182032637,54066609,1191689282.993618,162068.44593956452
V10361,0.3676026892309174,1.0,0.10784355868760996,52215076,1134492637.9718797,157001.47217988924
V10362,0.36964227842112646,1.0,0.10943212484339013,52186176,1119197540.4505699,154927.67724952518
V10363,0.36315912656456534,1.0,0.10029146990547225,51624225,1098138537.3266833,152837.65307260727
V10364,0.3658885507560247,1.0,0.45641062558175827,52983841,1232829061.948261,169367.91619017188
V10365,0.36380304342079833,1.0,0.2897140201419115,52911076,1223955677.828315,168264.45942099465
V10366,0.3584577981243417,1.0,0.21731177087483255,53231616,1095166703.006004,150105.08539007732
V10367,0.36651410958162356,1.0,0.5448313528692051,52012944,1247148600.8420928,172926.87199696238
V10368,0.355184461790861,1.0,0.0781324863831637,49434961,1085960235.1952853,154453.1695626917
V10369,0.3742821900204749,1.0,0.11267166179800113,52591504,1161843023.2056031,160210.01423132973
V10370,0.36615329655044376,1.0,0.4276903262770861,50239744,1189165381.6844528,167771.63962816773
V10371,0.36758528034470345,1.0,0.09623267532838276,51008164,1095249076.1356943,153353.27305176342
V10372,0.3612185632348755,1.0,0.09870444952034438,51423241,1148429223.4268787,160149.10381074867
V10373,0.3665981837954818,1.0,0.16150792718190427,53056656,1186357172.9401367,162871.66020594956
V10374,0.3567080645680378,1.0,0.07816405193374573,49406841,1210911647.4500422,172273.67299047406
V10375,0.3599586190774535,1.0,0.11594660087739776,51984100,1195590309.996706,165823.89875127684
V10376,0.36248933467477135,1.0,0.10101199034083863,51696100,1142206229.5017695,158860.3935329304
V10377,0.36488355404777556,1.0,0.0978690158430984,51294244,1154106253.447245,161143.01220989178
V10378,0.36721116097774015,1.0,0.0980406334873113,51151104,1122073604.016059,156889.48602014247
V10379,0.3674314565316048,1.0,0.10717221156442971,50353216,1074573994.3846183,151433.76471034644
V10380,0.3614558087916103,1.0,0.10965551319600834,52432081,1135092451.5904305,156759.07355205502
V10381,0.3651867638804897,0.9999999999999998,0.0825377748011347,49730704,1128671883.0698233,160049.898336617
V10382,0.368846371301602,1.0,0.09446007332293087,50737129,1162140206.226049,163153.19475306035
V10383,0.3579777075497385,1.0,0.15953005401217368,51955264,1214903738.537312,168549.35329318978
V10384,0.3645763661492694,1.0,0.12079347563933739,50168889,1137335198.2421565,160572.52551774058
V10385,0.3589179414960509,1.0,0.15024983044337234,53217025,1151316494.625726,157822.68603505497
V10386,0.3693930366890303,1.0,0.12490452084168154,52374169,1205283691.3371465,166544.65819222695
V10387,0.3687624789233353,1.0,0.07749842997555588,49378729,1119239858.976366,159277.05407376777
V10388,0.36240296323538307,1.0,0.4457546841500891,51840000,1238575372.0776093,172024.3572330013
V10389,0.3581830061569444,1.0,0.4411757363308663,52258441,1239574603.7220078,171472.4863358705
V10390,0.37532441543365286,1.0,0.08130183078236058,49900096,1147876706.094551,162496.702448266
V10391,0.3548082681327482,1.0,0.08045324181299224,49420900,1130417353.9742732,160799.05461938452
V10392,0.368101415003751,1.0,0.07606341342410476,48832144,1128734955.0338197,161524.7502910446
V10393,0.35547069973999174,1.0,0.16571813130621707,51351556,1207737024.1749392,168537.12310562923
V10394,0.3676470979594867,1.0,0.09872316141879008,51380224,1142258300.568121,159355.2316640794
V10395,0.37209304383727565,1.0,0.2948185513105199,53802225,1107476227.0410953,150985.1706940825
V10396,0.363324314913446,1.0,0.10746955010219594,51854401,1150778747.7332807,159808.18604822672
V10397,0.36305103993959575,1.0,0.6664298789668773,52490025,1285716754.704796,177462.63004897116
V10398,0.37148642949122207,1.0,0.0777866442077498,49449024,1092855921.7660282,155411.8205014261
V10399,0.3533635019572767,1.0,0.09214863370431037,50708641,1113176830.3881028,156323.10495549822
V10400,0.3557158886044308,1.0,0.09940937011721326,51079609,1180091275.4307692,165117.01069410512
V10401,0.37443681093758974,1.0,0.07961396177057857,49420900,1183214535.1801033,168309.3222162309
V10402,0.37229517014697494,1.0,0.44203198088519363,54375876,1133523856.9906282,153718.99335376028
V10403,0.3606412008115774,1.0,0.14392345368439388,52911076,1180278081.5648208,162259.84074303284
V10404,0.360213534227108,1.0,0.11009354495368298,52070656,1147415247.609983,159009.87356014177
V10405,0.3657339207782831,1.0,0.09440315722678426,50665924,1129381293.129529,158665.53710726736
V10406,0.3655740509237436,1.0,0.2006340317575888,53114944,1084256697.6844096,148772.87289851942
V10407,0.3644975327087785,1.0,0.11015719416999271,51955264,1169360483.1397505,162230.92163426062
V10408,0.36048581098358484,1.0,0.10541864815879734,51912025,1135752669.9396737,157633.95835387558
V10409,0.37018343498125983,1.0,0.19198773007311587,53406864,1169824848.833845,160074.55512231047
V10410,0.37092917458580743,1.0,0.13674713258235888,53231616,1149984450.224915,157618.48276109033
V10411,0.3663461146329925,1.0,0.4301954325514735,50225569,1199184855.6273146,169209.0949100204
V10412,0.3685497538514854,1.0,0.6131120175621818,52417600,1257633453.1535041,173706.27805987626
V10413,0.3630637797088176,1.0,0.10936829672580975,52606009,1120617080.4353926,154503.94049846858
V10414,0.36448402178830347,1.0,0.0928131535525199,50466816,1126922228.6260216,158632.0704710053
V10415,0.376796120089544,1.0,0.11430711382120756,52736644,1149859846.3113334,158339.2793047829
V10416,0.37303652528776526,1.0,0.09354958780541786,50552100,1127514921.910484,158581.56426307792
V10417,0.37419104296833133,1.0,0.08276500206876729,49787136,1150004469.2174416,162982.49280292538
V10418,0.3618708569146885,1.0,0.10114158434335697,51753636,1121308002.5846689,155867.11184107157
V10419,0.3760693972721271,1.0,0.09916708215284353,51365889,1120795553.8308415,156382.80365994718
V10420,0.36665175237826,1.0,0.264907244412225,50296464,1183903295.5848415,166935.0388585507
V10421,0.3570365041125801,1.0,0.13286336270074095,52027369,1075881385.0564857,149158.65590690222
V10422,0.36757458959128064,1.0,0.09795507679313613,50623225,1156990280.941776,162612.82936637753
V10423,0.3656177839289128,1.0,0.15705427971860697,50737129,1192844569.013326,167463.78899527248
V10424,0.353708506919852,1.0,0.07844850407076577,49928356,1137095524.4458954,160924.92562211936
V10425,0.37518133969425055,0.9999999999999998,0.09676479675942849,50466816,1132121031.0476527,159363.8838749511
V10426,0.36627396132856305,1.0,0.09799873995765995,51022449,1169659748.977003,163749.08987498292
V10427,0.36327449903587533,1.0,0.1077627844195371,52027369,1126901797.5189257,156232.052893238
V10428,0.36838107654807384,1.0,0.09815022796019675,50865424,1078660012.9238703,151242.29009027907
V10429,0.35529797818484954,1.0,0.0997503914644677,51724864,1108342531.1135144,154107.69342512713
V10430,0.36773341241939905,1.0,0.10042134970592322,51122500,1158513556.8024168,162029.8680842541
V10431,0.37082888993578855,1.0,0.10108150723006248,51581124,1137044458.7920697,158318.6380941339
V10432,0.3556681771023212,1.0,0.11460343607351123,52591504,1169961136.1200051,161329.44513513584
V10433,0.36119121260605286,0.9999999999999998,0.11135462951651728,52388644,1109328583.322643,153264.51828165833
V10434,0.360328911146369,1.0,0.1427662278304099,52519009,1216776846.308579,167900.76532476596
V10435,0.3525039125273727,1.0,0.10362579105264674,50552100,1073837496.6431034,151031.99671492312
V10436,0.3594065064323907,1.0,0.07920001619310045,49603849,1144458841.8664095,162495.93097634666
V10437,0.36943827573764454,1.0,0.09344506301697347,50651689,1098016564.111726,154280.81552785248
V10438,0.3634636089041442,1.0,0.10868026111204317,52012944,1190752115.623057,165107.0598479003
V10439,0.3680806270099075,1.0,0.08183295464499242,49294441,1294411426.686003,184362.8296091729
V10440,0.35802178943801316,1.0,0.10241080926975989,51380224,1156929615.3294892,161402.01106717205
V10441,0.37676505017405976,1.0,0.10133873620508173,51480625,1146681957.12417,159816.30064448362
V10442,0.3628700537446412,1.0,0.29513062442351395,53465344,1125552686.6920686,153932.26021499845
V10443,0.3649196513990263,1.0,0.27093506124267486,51480625,1227231401.4388118,171042.70403328387
V10444,0.3702979813811369,1.0,0.10355329171989963,51768025,1121480533.6442237,155869.427886619
V10445,0.37368380254887157,1.0,0.20948324332971008,52954729,1203348808.1920464,165363.31018167463
V10446,0.36269408945055354,1.0,0.10457614694836002,51955264,1150732414.6865256,159646.56141599966
V10447,0.36236854655080936,1.0,0.10092469127540324,51136801,1170689251.9813132,163709.86603010952
V10448,0.3655250507961539,0.9999999999999998,0.07820685868859696,49561600,1085259279.1139243,154156.1476014097
V10449,0.35262421540306665,1.0,0.10510683877689966,51897616,1142126954.101368,158540.6654777024
V10450,0.37160941385830126,1.0,0.09622393232824755,50979600,1112510276.901456,155813.76427191263
V10451,0.3684844078359423,1.0,0.18769120073235324,51652969,1055399332.6918894,146848.38356642402
V10452,0.36609956424323986,1.0,0.08186620114291196,49829481,1150107953.322046,162927.8868567851
V10453,0.3694909294376387,1.0,0.10241243121699428,51294244,1189665519.0231192,166108.0032146215
V10454,0.35885424202124744,1.0,0.20654893614375422,52911076,1202886778.0964704,165367.9925895615
V10455,0.36201239949112846,1.0,0.10548635691593984,51912025,1143469721.041022,158705.02720902459
V10456,0.3635881609814042,1.0,0.09881359021107203,50168889,1113803251.377652,157250.21196917293
V10457,0.36006401578506564,1.0,0.11227650847351936,52113961,1202704934.9018738,166602.70603987723
V10458,0.36740245706666086,1.0,0.13125108639147118,51840000,1071824089.0093398,148864.45680685274
V10459,0.3635497720058355,1.0,0.35083328625700316,50140561,1185527477.5532098,167423.73641480156
V10460,0.36533381724105823,1.0,0.0989458998603907,50154724,1097281582.6603718,154939.50616497765
V10461,0.3650678370989943,1.0,0.10943880188350275,51753636,1197284186.0095274,166428.16041277835
V10462,0.3730861630410977,1.0,0.10939248329486281,52229529,1151753830.6033242,159368.17913426374
V10463,0.36530825867544314,1.0,0.10216441580435925,51724864,1114247660.6610603,154928.7626058204
V10464,0.3631631521937568,1.0,0.11656459818595752,52417600,1203284725.8343482,166199.54776717516
V10465,0.36044440067877337,1.0,0.11510493905165838,52606009,1188269958.8360312,163831.51231711445
V10466,0.3615125408636839,1.0,0.10406556561738045,51538041,1153812977.782831,160720.57080134156
V10467,0.3742091178504833,1.0,0.10297578914716343,52070656,1109632533.0187902,153773.90978641773
V10468,0.36370338058315416,1.0,0.09514516389440171,50722884,1146179073.0886362,160935.0004336754
V10469,0.3559626190607165,1.0,0.11106697289735958,52504516,1130238270.6388187,155980.9923597597
V10470,0.3536820376886021,1.0,0.09824952498674967,51222649,1127506586.1267312,157538.99484794342
V10471,0.35893371007794306,1.0,0.09957014718715264,51079609,1167390702.8124797,163339.96121624173
V10472,0.35887023661890655,1.0,0.1057690951647373,51897616,1141573950.8585863,158463.9021180714
V10473,0.3575325211421249,1.0,0.102078790272676,51681721,1130227522.5714517,157216.23627367528
V10474,0.3676965867999266,1.0,0.16391486892648494,51093904,1202635841.624097,168247.87935423854
V10475,0.3656021226992294,1.0,0.2724766420296186,53626329,1183510939.1848478,161615.58639694768
V10476,0.36648827642889326,1.0,0.2846248218785664,52969284,1212929386.0869558,166656.96428784772
V10477,0.3661675502793136,1.0,0.1017887832699027,51208336,1148293159.7367203,160465.78531815545
V10478,0.3737080945838785,1.0,0.11111544706384363,52171729,1177711808.0637763,163050.2295533402
V10479,0.35677375600357497,1.0,0.09212864863212918,50737129,1122050926.2195675,157525.04930781518
V10480,0.36257767225275944,1.0,0.4624488008608616,54037201,1204306992.3367476,163829.00181427665
V10481,0.35941906959842473,1.0,0.09695677496035117,50822641,1092289867.1613376,153217.82398111062
V10482,0.36813243843549004,1.0,0.10440840692032838,51595489,1098182194.393042,152886.286286098
V10483,0.3626697098207262,1.0,0.10614933574865049,52041796,1151847384.0488327,159668.33712903142
V10484,0.35523971205155314,1.0,0.06822643243024502,48121969,1112234932.6561246,160333.70803749815
V10485,0.37325066495153036,1.0,0.4043792505345209,53743561,1201361007.549313,163874.0973331487
V10486,0.36461486819148115,1.0,0.12921642047409554,52954729,1116434416.5664406,153419.59826390553
V10487,0.36744493902663294,1.0,0.11062151716831396,51710481,1201129410.9745538,167032.31970164843
V10488,0.3619038118366408,1.0,0.10151345362760889,51466276,1136135599.9366028,158368.49734271018
V10489,0.36202562011646827,1.0,0.08041744714663433,49547521,1218447230.462263,173099.47868479375
V10490,0.35287675922814804,1.0,0.09772464735504256,51294244,1099840452.1994975,153566.10614346515
V10491,0.36213944156494676,1.0,0.09514587393816913,51122500,1129035493.7558038,157907.06206374877
V10492,0.3558194802339598,1.0,0.09328207584005876,50608996,1130418237.9489565,158900.51137882436
V10493,0.3637541591610546,1.0,0.09994121660046763,51022449,1151666221.9361382,161230.04647012995
V10494,0.3616431335378926,1.0,0.10545915488090944,51739249,1155625836.53239,160659.78542088004
V10495,0.3612378460568712,1.0,0.1134467628645642,51696100,1082655880.691871,150578.00844115033
V10496,0.3666661853408284,1.0,0.1096222604306299,51538041,1079861376.7681339,150419.47022818413
V10497,0.3611529619679717,1.0,0.21182857432383398,52881984,1204405854.8590844,165622.3672798521
V10498,0.37399261210451906,1.0,0.10127741059652118,51208336,1185393160.0317552,165650.24595189423
V10499,0.348931834730087,1.0,0.09879525123663883,51222649,1125979165.797824,157325.5785661344
V10500,0.3583052950324718,1.0,0.09769314645471962,50979600,1082485821.8502977,151608.65852245066
V10501,0.36180689308550923,1.0,0.10103710931993812,50310649,1091196304.7440622,153841.29490258876
V10502,0.37948239019840074,1.0,0.9999999999934376,54375876,1344296685.8139665,182302.235667747
V10503,0.3571163865823409,1.0,0.131075165590823,53100369,1136382858.9153202,155946.59790247292
V10504,0.3698778500129963,1.0,0.2210847132013369,53100369,1199386235.9567525,164592.5944773916
V10505,0.36524709453426574,1.0,0.16883456111086909,51624225,1019541170.7910851,141898.56239263536
V10506,0.3580666399265664,1.0,0.10821097062702165,51969681,1182791904.3150141,164071.56392218257
V10507,0.36203533584486497,1.0,0.1531174748215199,50168889,1160004252.781089,163773.01324030623
V10508,0.36149961735551,1.0,0.9503102461686468,53304601,1277743921.4579072,175009.4400024527
V10509,0.3702831236480362,1.0,0.11129894328608433,52200625,1173486998.7541084,162420.3458483195
V10510,0.3634095329540255,1.0,0.0944141480707199,50608996,1148519591.1487987,161444.980481979
V10511,0.3643734011139624,1.0,0.07995940790488718,49914225,1067636756.8236338,151116.31377546125
V10512,0.35046999728887585,0.9999999999999998,0.11424497405774825,52620516,1111600558.9597077,153239.66900464677
V10513,0.3643372812938957,1.0,0.20919759042491126,51408900,1214944782.406121,169448.36574701828
V10514,0.3611496037838897,1.0,0.07573680871712765,49126081,1126021410.4275343,160653.64680090375
V10515,0.37414332909386083,1.0,0.1105617859950177,52475536,1122417117.3614287,154944.38395381402
V10516,0.35949937451716407,1.0,0.08096856917014068,49970761,1152490983.8673768,163034.51462263076
V10517,0.3696273445815148,1.0,0.11896311087576866,52229529,1207131865.8197758,167030.83794379077
V10518,0.364418206152857,1.0,0.646165685202701,52533504,1261394055.708807,174033.39620706497
V10519,0.3657737183528501,1.0,0.11267453942387745,52461049,1164717254.0310757,160805.9166134303
V10520,0.36229777515228545,1.0,0.10048719002528306,51552400,1141241629.9251828,158947.30221799202
V10521,0.367022818845605,1.0,0.09756299702727288,50310649,1123263591.3562856,158362.27144456303
V10522,0.3653092640685581,1.0,0.12670726196100127,52475536,1212827040.8530533,167425.0470531548
V10523,0.36297231647107975,1.0,0.12352393584849389,50183056,1079380141.7721941,152368.73825129788
V10524,0.3664963688277916,1.0,0.07815440833705034,49914225,1034809632.2698655,146469.87010189178
V10525,0.3749179187648422,0.9999999999999998,0.09681779965244432,50879689,1092896249.0780509,153216.91421254043
V10526,0.3721015089442801,1.0,0.10880658503853426,51652969,1194747987.064968,166237.37123486408
V10527,0.3673048335019373,1.0,0.09414171780539105,50310649,1088223349.0603707,153422.1555139392
V10528,0.3682545632235457,1.0,0.11217441254210048,50282281,1073042339.8623396,151324.54376848676
V10529,0.3599410678095942,1.0,0.10005568845280119,51151104,1153716971.6311996,161313.89424373597
V10530,0.3676007134602027,1.0,0.13331341141034644,51940849,1068126003.8371898,148206.7439762994
V10531,0.36228441702426223,1.0,0.1089327122679953,52432081,1189245722.2663012,164237.7741011326
V10532,0.3620597052197424,1.0,0.23981209191014433,50083929,1164852248.8154058,164596.89823589174
V10533,0.3619343845699636,1.0,0.09911365458218697,51022449,1165981181.440723,163234.10071968683
V10534,0.37484334520336,1.0,0.07032395086573055,48233025,1127218493.719799,162306.47857736488
V10535,0.37507669083455203,1.0,0.08004292225002754,49928356,1093599770.0382686,154769.28531535077
V10536,0.3537552342563185,1.0,0.09709280296474956,51322896,1146008068.8296106,159967.62546476975
V10537,0.36121363220114633,1.0,0.39174388658286274,53875600,1169026016.497273,159267.84965902902
V10538,0.3624945611029634,1.0,0.08379294836029212,49885969,1185393370.0625045,167831.42716444918
V10539,0.3686928830648884,1.0,0.22143872679364476,53363025,1191700917.9784765,163134.96481567097
V10540,0.37313389513106693,1.0,0.48457933475416815,51984100,1237710214.9095757,171665.77183211868
V10541,0.3655769902182969,1.0,0.0988780826029806,50865424,1173584983.2965088,164552.01672693618
V10542,0.37008556660022607,1.0,0.0976913666268121,51322896,1108036735.2181394,154667.32764072297
V10543,0.3633023417549509,1.0,0.07282085515843859,49084036,1092589684.6173434,155950.56874355458
V10544,0.3611294774440287,1.0,0.10032968380022207,51408900,1121914739.7570672,156473.46440126462
V10545,0.3682407293617635,1.0,0.09536155109772006,50865424,1138507401.6579223,159633.67942483487
V10546,0.3620630983302833,1.0,0.11308017476294241,52736644,1155331529.233298,159092.74707150896
V10547,0.3638050230835786,1.0,0.10955823908907626,51165409,1194185820.2507489,166948.9473298964
V10548,0.3669315503183308,1.0,0.10042400826365004,51151104,1151922664.9218369,161063.01243314275
V10549,0.3693736472138185,1.0,0.09531342557382047,50438404,1131306006.8764594,159294.00265790755
V10550,0.36298688213065894,1.0,0.10838218270161487,50452609,1157448952.7645302,162952.1262515177
V10551,0.3598792022696368,1.0,0.09602757912142346,50851161,1179076765.6370862,165345.22025481507
V10552,0.3592232311449668,1.0,0.10097574297638705,51595489,1100574190.839506,153219.29428365667
V10553,0.36658722127426613,1.0,0.10221480073637425,51638596,1141794162.7213442,158891.47825234404
V10554,0.3691148467141562,1.0,0.07626674317133379,49322529,1104937328.261396,157331.2442348563
V10555,0.3784111956603456,1.0,0.10746190509295672,52287361,1106403099.4870136,153008.31136592638
V10556,0.359550227270959,1.0,0.08222189865906789,49956624,1127171101.4742076,159475.25487750533
V10557,0.35351437098374444,1.0,0.21513448407630575,53523856,1153490826.060968,157666.870702702
V10558,0.36155227117456884,1.0,0.16076189189918547,50381604,1054162933.6623229,148515.48797722216
V10559,0.3589369262494778,1.0,0.10264937835650517,50324836,1072399881.9437174,151169.98617757505
V10560,0.3675245977370316,1.0,0.08034173495844223,49942489,1069234762.6953267,151299.66926493938
V10561,0.3679484716389963,1.0,0.10169485876950929,51451929,1134175017.7878692,158117.24770498666
V10562,0.35824676495180613,1.0,0.09996800035376509,50836900,1174573429.8965635,164736.8064371057
V10563,0.36545542546998155,1.0,0.09810529256654064,51251281,1143231937.0472336,159691.5682423849
V10564,0.36461218477584795,1.0,0.24014728621326115,53275401,1104002477.1892846,151253.9357705555
V10565,0.3521968219812645,1.0,0.09367396224762427,50438404,1148222962.1581,161676.0014303154
V10566,0.3746033608367577,1.0,0.6863670042379294,50965321,1258652316.293443,176306.5298071779
V10567,0.3679082558743989,1.0,0.11506183832072014,52128400,1087615725.1518292,150639.2971124417
V10568,0.3658300530336305,1.0,0.08321061701779135,49787136,1171194877.1803265,165985.66853462678
V10569,0.35974592278960327,1.0,0.09728304307585008,51365889,1141963207.9789996,159336.29244858373
V10570,0.3728562149380072,1.0,0.10622931406077679,51984100,1167740728.0834224,161961.26603098784
V10571,0.3744462522327119,0.9999999999999971,0.09940521435342124,51122500,1082319571.5136786,151373.36664526974
V10572,0.36945078248034735,1.0,0.09375616473373553,50879689,1105434181.2488022,154974.6503923738
V10573,0.3669557652408401,1.0,0.0991397264923822,50794129,1157064999.7534006,162349.51589075357
V10574,0.3728194116839688,1.0,0.10938845264491076,52693081,1120046509.5889578,154297.63184859592
V10575,0.36326156508112667,1.0,0.11318169715604824,51912025,1199638340.597502,166500.8106311592
V10576,0.3639473532986302,1.0,0.09803567366490638,50225569,1097405811.0180757,154847.72273431293
V10577,0.36257294925599126,1.0,0.09651150666121834,51236964,1110948975.454625,155203.8244558012
V10578,0.36722430333804723,1.0,0.10715826004287828,52243984,1143456078.683235,158198.1293142273
V10579,0.36106361298315565,1.0,0.09717695803403856,51308569,1093939014.7732165,152720.78944202382
V10580,0.3670535038023901,1.0,0.09475188038221015,50922496,1114597843.6068172,156193.6440031975
V10581,0.3652974608579188,1.0,0.10400445182122008,51609856,1173588655.9737775,163361.4498849913
V10582,0.3644693163623671,1.0,0.11468593370274947,52359696,1191412077.3344686,164650.64639779832
V10583,0.3720122440750269,1.0,0.1169697282591336,52765696,1190747094.1934688,163924.43477332997
V10584,0.3694668641008886,1.0,0.09965550881919079,51494976,1095551480.0930316,152668.82387026638
V10585,0.3652477627022468,1.0,0.09391906207788732,50722884,1142208387.4608972,160377.47647583505
V10586,0.36387232160936517,1.0,0.07903805991439768,49547521,1154508639.6489928,164016.0022231841
V10587,0.3642789422859113,1.0,0.11308839619875463,52693081,1168301432.9966192,160945.23116085125
V10588,0.3684550120790212,1.0,0.25980681133676864,51739249,1227300300.9245079,170624.2598254564
V10589,0.3559123832293164,1.0,0.15568660174405968,49984900,1063900987.8541226,150481.0449581503
V10590,0.37343508467805486,1.0,0.4461291667284368,52403121,1243907346.6906083,171834.14099884077
V10591,0.3717969005594627,1.0,0.14685695939115317,52475536,1220003825.6162415,168415.76830704603
V10592,0.3556760225234093,1.0,0.09230202949669977,50410000,1112858429.9020965,156740.62392987276
V10593,0.3692571499186638,1.0,0.13287864237158145,53042089,1123621890.6623094,154280.08933987498
V10594,0.36744478276148534,1.0,0.10416625822237136,51710481,1140922623.9536939,158659.8002994985
V10595,0.35805335646317793,1.0,0.24459809583308328,53597041,1162938342.9237804,158849.65755003146
V10596,0.36022671600151496,1.0,0.09830798829964024,50951044,1169927918.0239623,163901.36144914012
V10597,0.370080870118672,1.0,0.11659350121645634,53042089,1138625626.2751958,156340.19309009967
V10598,0.36858892122288434,1.0,0.14114195202712276,49999041,1098038293.1832085,155287.55383725194
V10599,0.3711117170532394,1.0,0.10473648351791924,51696100,1151308039.1634016,160126.29195596685
V10600,0.35562680956592885,1.0,0.07803683613482686,49787136,1124075648.270408,159307.7732809535
V10601,0.35510048479858114,1.0,0.10179366556610317,51782416,1119355683.046318,155552.48513706477
V10602,0.3647640472696856,1.0,0.12294216815786946,50623225,1064231425.0140444,149575.74490710392
V10603,0.3688512720867902,1.0,0.10296985612740958,51394561,1080965872.274147,150783.35503893808
V10604,0.36402466547843615,1.0,0.1277894989163011,50126400,1130855603.9914136,159725.3677953974
V10605,0.36006995956283583,1.0,0.15916177634786707,50836900,1190963998.3888648,167035.62389745648
V10606,0.375862581518103,1.0,0.979225233436665,53348416,1278768317.2512677,175077.8090431637
V10607,0.35806153636173693,0.9999999999999998,0.09337699244808105,50253921,1102182931.7481565,155477.91391566605
V10608,0.35849307844622474,1.0,0.08117619659944872,49660209,1096822591.5821555,155643.90401336108
V10609,0.3740278619204296,1.0,0.10073287784983477,51236964,1078139189.344764,150620.17174416932
V10610,0.36969535364038564,1.0,0.40770825971314983,53904964,1183454467.786245,161189.65782978004
V10611,0.36063758890531417,1.0,0.09215698142077108,50637456,1117856591.8607025,157090.58345428648
V10612,0.37642058232626213,1.0,0.09632254169362353,51194025,1098395443.2910001,153514.38760181694
V10613,0.3707914417766764,1.0,0.48338392463074076,50665924,1218199312.1406548,171143.48302060337
V10614,0.35806150907477347,1.0,0.09926676173990526,51408900,1085386224.4979262,151378.83186860895
V10615,0.3701772298416572,1.0,0.21576000763246847,52896529,1203133029.1493583,165424.58808598353
V10616,0.3652325303433824,0.9999999999999998,0.13060004952838145,52577001,1089550802.6995027,150262.14352496245
V10617,0.3585144802431938,1.0,0.07821913395523418,49575681,1060017600.1098582,150549.29699046415
V10618,0.35688232558677613,1.0,0.19283818729524885,50069776,1155848878.7294707,163347.7782263243
V10619,0.36072005405942364,1.0,0.11537717295702211,52606009,1156196355.2632113,159409.39683761357
V10620,0.3602478047252674,1.0,0.1018952188124156,51581124,1104639636.26318,153806.68842428015
V10621,0.361785050853344,1.0,0.10675051016946698,51897616,1162541017.2898407,161374.37774706283
V10622,0.3638786713142849,1.0,0.11760914946412707,52490025,1199924957.3852172,165621.11213046475
V10623,0.36689750747816063,1.0,0.08021277876757747,49843600,1071902087.927027,151827.4912077942
V10624,0.36224524036069866,1.0,0.10837946253257369,51408900,1184164635.6443715,165155.4582488663
V10625,0.35524603265660526,1.0,0.156979775303031,50013184,1123874825.6869092,158918.9515959996
V10626,0.3627960977888237,1.0,0.10499436611321851,52085089,1125540190.0136464,155956.7950690933
V10627,0.3634528296634879,1.0,0.12041796466868512,52852900,1173739945.4846451,161449.78617395394
V10628,0.36918439168073514,1.0,0.11089641899029007,52041796,1190757494.8659284,165062.03144800782
V10629,0.3645377933476484,0.9999999999999918,0.10633737678588702,51667344,1098071986.1624408,152764.60575437406
V10630,0.36134718086466694,1.0,0.17703578820434834,53187849,1189577196.854783,163112.18933974812
V10631,0.3558332613722236,1.0,0.13425951808733472,50126400,1140885395.3031096,161142.00498631492
V10632,0.3616892827106226,1.0,0.3121510210441103,54140164,1136763445.207512,154493.5369947692
V10633,0.35708459859459496,1.0,0.1201555204498235,50608996,1173688062.5605676,164982.8595109035
V10634,0.37360401880299626,1.0,0.17180368003466132,50893956,1195434815.151862,167568.6592587415
V10635,0.3615887019245071,1.0,0.09630264523044993,50922496,1123683316.298611,157466.83244094884
V10636,0.3657014663689204,1.0,0.10239443623187923,51652969,1122345121.1492543,156163.22821055437
V10637,0.3666293634150672,1.0,0.12042058032763533,51940849,1084596373.7603283,150492.07350635887
V10638,0.3720525527212595,1.0,0.09635004501440365,51165409,1091725237.6035886,152624.8060399257
V10639,0.37014715017674693,1.0,0.09814533426834215,51151104,1133549156.572671,158494.0095879014
V10640,0.3705421286596928,1.0,0.1411763723249496,50197225,1146509712.5712981,161822.11892326013
V10641,0.36550565057038287,1.0,0.08413513979859949,49914225,1166353621.5518956,165088.9768650949
V10642,0.36478684383458315,1.0,0.09580567830533239,50851161,1152813115.6014392,161662.195428613
V10643,0.36285994775906155,1.0,0.10621224360098648,52186176,1103323260.7605941,152730.24096907448
V10644,0.366931198163013,1.0,0.24918188556017848,53597041,1174422885.363933,160418.3698079406
V10645,0.36365268246014576,1.0,0.11248202037178709,52316289,1173811603.3074288,162285.58043791357
V10646,0.3687130423512878,1.0,0.09483702180315856,50851161,1111905110.226808,155925.55184782052
V10647,0.3609826109664288,0.9999999999999998,0.10222220453979122,51609856,1124984848.3365154,156595.88646109623
V10648,0.3599085906007467,1.0,0.10634512252124236,51998521,1138183905.2428277,157839.9535768725
V10649,0.3642485277757032,1.0,0.07644533591815914,49252324,1100188725.1857812,156766.70350324613
V10650,0.3631033557866677,1.0,0.09813894857329172,50694400,1156975011.871306,162496.4904313632
V10651,0.36168437499006006,0.9999999999999998,0.10741455252806761,51251281,1183533046.4025836,165321.0010340248
V10652,0.37218410127876145,1.0,0.07992327155057065,49603849,1119698871.106299,158980.38777599018
V10653,0.3616316302300876,1.0,0.06982418818057481,48608784,1073901791.865492,154030.66435248023
V10654,0.36895145740696744,1.0,0.10327633552549817,51912025,1126929829.139619,156409.4141762136
V10655,0.3675826434380764,1.0,0.4020982719733233,54125449,1186532985.3111603,161279.45974054103
V10656,0.3705039870818677,1.0,0.10489792284963761,51710481,1100156433.4383261,152990.74307305328
V10657,0.36293922553465463,1.0,0.11499199220597309,52722121,1166132643.8221288,160602.20958850416
V10658,0.36965251870654575,1.0,0.11111735523674414,50055625,1106770474.9102554,156433.98938660853
V10659,0.3778457367175621,1.0,0.10618185520151484,52099524,1125669046.3057299,155953.04049677608
V10660,0.359227830730128,0.9999999999999998,0.1165796809802689,52881984,1140173558.7385519,156789.54328087898
V10661,0.3668336701791706,1.0,0.47203164718871354,51451929,1237818129.9338744,172566.30836942344
V10662,0.35635786442370404,1.0,0.5664468697154825,51337225,1242649255.656372,173433.25270849574
V10663,0.36833713222678105,1.0,0.10072721129242457,51265600,1154497391.201941,161242.65240250572
V10664,0.37093421436260265,1.0,0.09474684556895892,51165409,1098002770.8827064,153502.414494996
V10665,0.36628400583212234,1.0,0.12554890488477555,51136801,1059190534.8263637,148117.82056025224
V10666,0.3592717965526333,1.0,0.11070079746769679,52142841,1144883708.2705295,158549.19100824394
V10667,0.36069052971130267,1.0,0.10117367172106563,51136801,1146401127.7925398,160313.4006142553
V10668,0.3613850958333413,0.9999999999999998,0.10864667454067445,51494976,1080326218.865453,150547.13194892043
V10669,0.3676759435952117,1.0,0.11073969845633869,52272900,1154420064.7004502,159670.82499314664
V10670,0.3692740039846049,1.0,0.09621836745214851,50851161,1089122807.0205297,152730.72598801428
V10671,0.376611136014621,1.0,0.09858318362927145,51294244,1121754183.2007763,156625.82842792186
V10672,0.36490649220009985,1.0,0.3632065672406012,52591504,1237544692.3981032,170648.74412549686
V10673,0.36616536040097486,1.0,0.07840536290877531,49773025,1058713901.7390554,150065.75503034095
V10674,0.35500189802650917,1.0,0.1083255181149072,51811204,1178912132.1726239,163783.29149383493
V10675,0.3622978876505872,1.0,0.10713867768040929,51552400,1186363432.7687452,165231.67587308428
V10676,0.3570568529203066,1.0,0.11329206346235576,52548001,1113926549.8467045,153666.2367011594
V10677,0.35741227079036475,1.0,0.11139799543843805,52200625,1101697267.6309798,152484.05088318058
V10678,0.3701263200690966,1.0,0.09887867853657083,51079609,1091043339.0885572,152657.5261072558
V10679,0.35956605775086775,1.0,0.07872121782086153,49716601,1069691549.280071,151707.77893633116
V10680,0.3698390874151555,1.0,0.1025261756456853,51624225,1144702197.308228,159318.32947922449
V10681,0.36767992448678505,1.0,0.09536952961233115,50865424,1125053370.0786734,157747.24762740792
V10682,0.3640866276852096,1.0,0.29622373437603616,50694400,1203673522.75049,169055.27004922612
V10683,0.3701057581161124,1.0,0.2154107915837664,52838361,1206584741.5466235,165990.47207960152
V10684,0.3647310612926489,1.0,0.10944591847780066,52562500,1126040942.8075316,155315.99211138368
V10685,0.3580354850786391,1.0,0.09437911698243531,50936769,1160736822.8044212,162636.51713667103
V10686,0.36765140671978663,1.0,0.10098100652838454,51926436,1138377114.8273335,157976.28571014898
V10687,0.36505179675538224,1.0,0.09769191689103698,51051025,1140343352.8229556,159600.18933841225
V10688,0.37379916413929043,1.0,0.09887389290508822,51108201,1155289070.8523746,161601.49263566575
V10689,0.36607750941159833,1.0,0.7444337391865536,52374169,1293947258.148117,178796.0837568215
V10690,0.3735774606811191,1.0,0.44009693407059314,50253921,1198699525.287794,169092.89396075526
V10691,0.3757146129982333,1.0,0.5562104602844365,52345225,1248127067.0622916,172512.37969071066
V10692,0.3720916282851823,1.0,0.10236094942183811,51308569,1089624453.4158566,152118.44945076876
V10693,0.3650762745563252,1.0,0.09855213739098319,51122500,1116875446.8548448,156206.3562034748
V10694,0.3634873936286461,1.0,0.10020672433139213,51294244,1126466877.9553187,157283.84221660413
V10695,0.3645601447685676,0.9999999999999998,0.07639791325440884,49168144,1076654104.362976,153544.51003465147
V10696,0.3682875706099429,1.0,0.1110015860557524,52374169,1158551511.815627,160087.26154699834
V10697,0.3634733289382536,1.0,0.09458447209790967,50552100,1140229416.8888931,160369.81953430283
V10698,0.36911660102792404,0.9999999999999998,0.11014624075165798,52374169,1122278217.4080968,155075.06113142142
V10699,0.37181871054936444,1.0,0.4050502105960285,54316900,1176262650.5721467,159601.44512512165
V10700,0.3613401675874307,1.0,0.21873304743164299,52867441,1217139590.1959898,167396.45030889698
V10701,0.35941921845159186,1.0,0.33447905039091097,53597041,1194124418.7993338,163109.4684878205
V10702,0.357664614267705,1.0,0.599784542725243,53304601,1244701977.3011668,170483.76623766153
V10703,0.36168739090971186,1.0,0.5002517400152344,50737129,1227420971.2526352,172317.97995965678
V10704,0.3665494394769459,1.0,0.09819504713735971,51179716,1147273856.4824266,160368.1655692517
V10705,0.3603083854878177,1.0,0.11912570439031032,51883209,1205912491.8621225,167418.08855506353
V10706,0.3631482763535383,0.9999999999999998,0.10993074779347864,51984100,1167634849.0853713,161946.58101045372
V10707,0.3685785098168708,1.0,0.4890646734046362,52606009,1239106505.5736983,170840.54950692103
V10708,0.36838198660312926,1.0,0.1070913411433689,52229529,1135328588.32875,157095.4183380033
V10709,0.3644907557690781,1.0,0.09700762356266171,51208336,1130590528.564491,157991.96877648003
V10710,0.3605867197570929,1.0,0.08032418584419074,49787136,1165260734.3482199,165144.66189742344
V10711,0.35793808963328655,0.9999999999999998,0.10572199212126582,51926436,1121649634.590359,155654.95900504565
V10712,0.36143892456574045,1.0,0.11911151341188532,51638596,1078731481.0102274,150115.70846231942
V10713,0.3746521309434739,1.0,0.19219521894233715,50041476,1081110082.7318382,152828.68005821857
V10714,0.36523081322303247,1.0,0.0717993824702479,48566961,1186896000.2471602,170310.8050290085
V10715,0.3700200221968925,1.0,0.10188981389897069,51768025,1146530383.7374942,159350.99148540574
V10716,0.3666568926762109,1.0,0.1161500343708504,51423241,1073302724.1995201,149672.67106394088
V10717,0.3653266146076201,1.0,0.10001475840646629,51365889,1111706778.1996367,155114.66139244268
V10718,0.35380868053807396,0.9999999999999998,0.09474684435308826,50822641,1085968428.6627936,152331.10235135275
V10719,0.36679707272405265,1.0,0.12772635796986198,50566321,1169602789.797157,164477.9622833859
V10720,0.3636779025353149,1.0,0.11221963345767835,52388644,1104160781.9892612,152550.53633452076
V10721,0.3616900912938316,1.0,0.09473477014472911,50893956,1101208112.4481184,154360.5428158282
V10722,0.36516506136602045,1.0,0.09695373719970025,51136801,1116754480.7135873,156167.5962401884
V10723,0.36542671971951496,1.0,0.07289868531209141,49280400,1029619459.994125,146669.43874560186
V10724,0.36830160403317963,1.0,0.11048328439605154,52056225,1154434731.4818535,160004.8137881987
V10725,0.35855115176755337,1.0,0.6122655593142134,52070656,1257026694.3700352,174199.9299293286
V10726,0.3597410043426138,1.0,0.10141095755601338,51566761,1097388300.6519253,152818.3123035685
V10727,0.36465767485908357,1.0,0.274924097875766,53743561,1173913661.8503385,160130.08618883352
V10728,0.3663154179376536,1.0,0.09613531953332256,50893956,1156288769.3338673,162081.40865347174
V10729,0.36203820136377973,1.0,0.09394581444321443,51151104,1119934828.964429,156590.44029144698
V10730,0.36043350488054837,0.9999999999999998,0.08283896957481643,49829481,1124413777.6519141,159287.9696347803
V10731,0.35733308144814574,1.0,0.1205463995354323,52345225,1217715972.062831,168309.04935215355
V10732,0.3706420008000006,1.0,0.4374324931696306,50055625,1190715480.390298,168299.00782901736
V10733,0.3754635461145154,1.0,0.14468014086060765,50353216,1065310592.76786,150128.32479817644
V10734,0.3632024326904832,1.0,0.20865588728802414,52765696,1202731645.955337,165574.29046741975
V10735,0.36680970065445906,1.0,0.10414859305573941,51811204,1120650836.6441798,155689.1965329508
V10736,0.3549298002320795,1.0,0.13760630356813036,53056656,1117913877.6499338,153475.27150603154
V10737,0.36715836815088254,1.0,0.08894587573897468,50466816,1115877577.8879893,157077.36175225076
V10738,0.3610355598501214,1.0,0.2371325447340544,53684929,1151112791.8915515,157105.6082832744
V10739,0.3691835106743294,1.0,0.09513331978702644,51108201,1121374283.1158082,156857.50218433462
V10740,0.37610407863296785,1.0,0.09893054827650029,51394561,1090761821.8063142,152149.78683307493
V10741,0.3712139898933199,1.0,0.11590256866415373,51165409,1063619629.0253901,148695.60031111285
V10742,0.362529630940504,1.0,0.1411720013460429,53042089,1156089326.3118432,158738.064851276
V10743,0.363537166203048,1.0,0.3256375773178157,50339025,1190842502.9883432,167842.49513577778
V10744,0.3644827921584166,1.0,0.09532312178041263,50623225,1098396134.190875,154377.53115823964
V10745,0.3614001635744675,1.0,0.10159979753815368,51609856,1138047698.1015272,158414.2118738206
V10746,0.37251806339896215,1.0,0.07615698920630799,49477156,1056443233.9576366,150190.96303065633
V10747,0.36216656709246076,1.0,0.09042131941481114,50367409,1092090252.3652353,153880.54845219603
V10748,0.36124907528346956,1.0,0.14011953956127643,52171729,1218594612.5185523,168710.3160069988
V10749,0.36164513351346933,1.0,0.0796788910226094,49885969,1112676546.2270534,157535.9686007438
V10750,0.370540579214115,1.0,0.1170333089726885,51351556,1199081960.140268,167329.32739886522
V10751,0.36790024869921034,1.0,0.10387354846040094,52012944,1108140777.4434936,153652.35405483827
V10752,0.36796474833886494,1.0,0.47506557706403973,50168889,1209393394.673223,170745.92611509573
V10753,0.36050681258966705,1.0,0.09350041272966228,50951044,1143549893.4700212,160205.9251148811
V10754,0.363464554254505,1.0,0.11203665468374087,52490025,1177520938.5533528,162528.76998666016
V10755,0.37013176576836176,1.0,0.10080242651802429,51194025,1160436123.2664452,162185.3421756038
V10756,0.3713223986560535,1.0,0.10207269598674543,51753636,1130955628.5448222,157208.17744576343
V10757,0.36738019568808566,1.0,0.0821382178037826,49674304,1126971484.1549518,159899.4727802145
V10758,0.3580648751880377,1.0,0.10789941784722369,52171729,1167420619.039974,161625.44912639816
V10759,0.3686627250701386,0.999999999998979,0.16438585537538983,50324836,1061161542.1434381,149585.7826534308
V10760,0.3664598911936735,1.0,0.09499144447888716,50737129,1142241120.2846613,160359.5564066631
V10761,0.36441293597255364,1.0,0.08013936904835421,49787136,1121458469.3751607,158936.85790464297
V10762,0.3627893622787878,1.0,0.11274694831439269,52765696,1148008735.2497509,158040.8501169811
V10763,0.35523127853334135,1.0,0.14408219792439642,50296464,1157065954.4314425,163150.86779913178
V10764,0.36595862290315334,1.0,0.18188307371237794,53202436,1184795391.7796326,162434.24619956574
V10765,0.36347830604432707,1.0,0.14763255423767233,53085796,1156117837.6420994,158676.61784821568
V10766,0.3686734706682991,0.9999999999999998,0.11150131940392308,52186176,1093106201.878382,151315.91941838068
V10767,0.3552930430131123,1.0,0.08286019800749374,49801249,1197143355.78996,169639.13217939067
V10768,0.36876099403642476,1.0,0.323328128621042,52200625,1233477271.5756426,170723.49779593668
V10769,0.376760812699794,1.0,0.6833514646687794,52823824,1281393336.7495267,176306.18282189415
V10770,0.36833746240351717,1.0,0.10407761409837203,51538041,1164444909.7478182,162201.54753417164
V10771,0.3749355914359812,1.0,0.09855565167882492,51065316,1165375161.733585,163080.76710517562
V10772,0.36535083566898713,1.0,0.09822239052852694,51437584,1107166419.9370317,154373.4550943993
V10773,0.3656238286309111,1.0,0.11251612452816669,51753636,1082468679.1242607,150468.2623191911
V10774,0.3651690146001395,1.0,0.07573690783308451,49196196,1097289536.5588586,156442.7625547275
V10775,0.37172734556074083,1.0,0.13054532022848453,50296464,1148017333.2345982,161874.97648541993
V10776,0.36833700467189473,1.0,0.17492267486876878,50993881,1199780614.0051813,168012.9693327519
V10777,0.3716216861463184,1.0,0.08983201695828019,50822641,1110644731.3813877,155792.49984308987
V10778,0.36005836308260813,1.0,0.1054015090340258,51955264,1134507695.024739,157395.62916547433
V10779,0.3720916159690526,1.0,0.13206928153277755,50694400,1058923781.5538973,148725.250218244
V10780,0.3683675296132139,1.0,0.10999178372658738,52272900,1108892797.995644,153373.8309814169
V10781,0.360585747325021,1.0,0.07492637718995608,48930025,1223009112.3343174,174840.47352885167
V10782,0.369113391997756,1.0,0.10564043456987496,51710481,1143313495.9721208,158992.28145906283
V10783,0.3757865567532625,1.0,0.46171226307192254,51940849,1237917970.988567,171766.0567487952
V10784,0.36942567169847196,1.0,0.1912396105086278,52012944,1058924462.7644213,146828.1285031089
V10785,0.36402469952054284,1.0,0.1579743957515432,50126400,1151567755.5313315,162650.81292815416
V10786,0.3611182209348693,1.0,0.1715379764840538,51451929,1056464395.0463265,147283.4790250002
V10787,0.3618968117884071,1.0,0.09170243612395512,50324836,1105626760.6038086,155853.78638339564
V10788,0.37818445848001164,1.0,0.09714681671631448,51208336,1107863311.10087,154816.00211023894
V10789,0.35432315821189864,1.0,0.09434465499754423,50594769,1136177807.198154,159732.57517196034
V10790,0.36809756618363304,1.0,0.10785034402214795,52113961,1142182855.846586,158218.98543379776
V10791,0.3546392928443033,1.0,0.10284354811569911,51998521,1145569745.045583,158864.1998399089
V10792,0.36613606497189694,1.0,0.13933066486552265,53071225,1162745040.2356324,159608.1043562982
V10793,0.36654710383058314,0.9999999999999998,0.11360726382409553,52635025,1138241543.0556269,156890.63308830143
V10794,0.3618084934894515,1.0,0.13781921122400756,52490025,1214527822.7257893,167636.69050735532
V10795,0.36553276470753954,0.9999999999999998,0.10987694556226343,51897616,1092317703.5178356,151626.55518015486
V10796,0.37243550057458663,1.0,0.11306628596621184,52490025,1135164081.3498163,156682.41288472275
V10797,0.3575017939729465,1.0,0.1058162003079244,52012944,1100050474.264129,152530.57047478214
V10798,0.3698774825342071,0.9999999999999998,0.11982658763268764,52041796,1087068703.108098,150688.75840145524
V10799,0.35904470927273957,1.0,0.09975961680853011,51566761,1128917838.537812,157209.0013282011
V10800,0.37281850737980143,1.0,0.10282271188880314,51840000,1100381830.1679318,152830.80974554608
V10801,0.36804486553100974,1.0,0.5426484420706278,51581124,1253078964.6702344,174474.9324241485
V10802,0.3693977982477921,1.0,0.09746984208316,50239744,1115072861.8423157,157318.40601612805
V10803,0.3691857928447528,1.0,0.14016278163237178,50836900,1054049959.2074345,147833.09385798522
V10804,0.36118341292513184,1.0,0.24284086418603953,53640976,1140409812.4781928,155708.60356064895
V10805,0.36901522617741495,1.0,0.09698053465546676,50922496,1155152797.6031787,161876.79338609567
V10806,0.3627558860040963,1.0,0.18556402238687014,53217025,1184212405.7230096,162332.06384139953
V10807,0.3656328690514159,1.0,0.17494104055395515,51279921,1209119810.7330148,168847.899837036
V10808,0.3660192641325243,1.0,0.11176004296874258,52707600,1138423584.6569843,156807.6562888408
V10809,0.36684436727778624,1.0,0.13437580503009594,50282281,1156647939.5939212,163114.92590522088
V10810,0.3581518678615398,0.9999999999999998,0.11414512625569104,52388644,1157387895.0211222,159904.37897500998
V10811,0.3691545346424425,1.0,0.10494668429841433,52128400,1141284309.1163135,158072.61899117916
V10812,0.36352670867011555,1.0,0.10730267506432872,52113961,1116133715.8891935,154610.57153195643
V10813,0.36450391385942243,1.0,0.09618127739766015,51165409,1086689709.8878186,151920.83180313415
V10814,0.3745509760680385,1.0,0.10211403913965987,51093904,1178172000.3235986,164825.40575316153
V10815,0.37264784241718063,1.0,0.09066971413468314,50466816,1091404244.5197654,153632.35423983182
V10816,0.37460940744943505,0.9999999999999831,0.1698991901186932,52461049,1073168231.5290778,148166.26142883857
V10817,0.3631547657610869,1.0,0.509849110137373,50680161,1235243910.2772202,173513.6831405001
V10818,0.3626592404145722,1.0,0.11605926825122503,52243984,1208462659.0087085,167191.8454632967
V10819,0.36044944880529645,1.0,0.14951112779343945,52765696,1090278309.323972,150093.3795875512
V10820,0.35789969627854057,1.0,0.10790260135112308,50339025,1140896947.3447852,160802.952409413
V10821,0.3620965863044527,1.0,0.07297849313013925,49140100,1045713879.4791718,149174.59051058086
V10822,0.36975035102077825,1.0,0.4682065424772987,50566321,1233585117.5847545,173475.61771688293
V10823,0.3672872558418559,1.0,0.080298729942966,49392784,1174735567.0136704,167150.76366159227
V10824,0.35632028136394545,1.0,0.09323125077021738,50466816,1132596305.6408257,159430.78626700814
V10825,0.367905199165844,1.0,0.10043825518308068,51581124,1107302775.9361205,154177.49595323316
V10826,0.35925983084993013,1.0,0.1166589088350159,52751169,1176253629.9991477,161951.4842350472
V10827,0.355988334916632,1.0,0.10610502672658212,52171729,1134454825.2045286,157061.44610335436
V10828,0.36458242679627373,1.0,0.0936747294130336,50908225,1095545781.2399173,153545.30921372352
V10829,0.36709077818647673,0.9999999999999998,0.09506348152395451,50951044,1103752258.9143393,154630.46496418313
V10830,0.36500888850652424,1.0,0.11061586037150223,52403121,1166365129.9653282,161122.41054915433
V10831,0.37052029636363004,1.0,0.09471074429446627,50893956,1158073270.5886889,162331.54900318038
V10832,0.35993678964447906,1.0,0.11359290581343058,52432081,1157278269.2825418,159822.98981943677
V10833,0.37048855816631676,1.0,0.10672889163893108,51753636,1088967885.1138306,151371.68266803317
V10834,0.36627620352401197,1.0,0.09907646886088821,50438404,1148190702.8561926,161671.45914618313
V10835,0.36016864805582316,1.0,0.19996922371477596,52969284,1062719242.2630769,146018.03273743842
V10836,0.3642129820975448,1.0,0.0949300783845714,50893956,1114591399.6378198,156236.52924555927
V10837,0.35794837368046817,1.0,0.10463999865315358,51883209,1103051840.4344592,153137.83707267238
V10838,0.36603208112995933,1.0,0.7676077170156753,51051025,1274235573.9466355,178339.4785089763
V10839,0.3699100797616398,1.0,0.4364317642658275,50253921,1192801818.061099,168260.94203147115
V10840,0.3680018203427968,1.0,0.12069030593566667,50197225,1081985690.2849758,152714.98804304528
V10841,0.3649216309188849,0.9999999999999998,0.09401518536529281,50268100,1097507157.7800634,154796.4961607988
V10842,0.37004241026953905,0.9999999999999998,0.09384966929005906,50794129,1091220893.1596775,153110.8310873688
V10843,0.3694562512595808,0.9999999999999998,0.09674548607535949,50339025,1082745656.144675,152606.8578075652
V10844,0.365898317317981,1.0,0.1008297409733516,51322896,1164067849.4176764,162488.53286120555
V10845,0.3589284457711233,1.0,0.17960772883496515,53173264,1176832756.1141837,161386.82886919688
V10846,0.35241946379576294,1.0,0.11993915090398446,50253921,1142485972.119915,161163.2066751185
V10847,0.3676397685524428,1.0,0.18831506517079938,52243984,1050637249.8747517,145356.56473087322
V10848,0.3649455434282773,1.0,0.9999999999955623,54626881,1041291569.0254947,140886.42525037137
V10849,0.3650427674303908,0.9999999999999998,0.09483994068188134,50779876,1109097410.2607439,155640.95007868984
V10850,0.37204962588092033,1.0,0.10280941542840964,51667344,1155621347.1106668,160770.9164038212
V10851,0.3665057614578834,1.0,0.4733068594641696,50027329,1207995515.3627007,170789.69537151148
V10852,0.3624960995553212,1.0,0.09581181699712596,51179716,1112532034.8372872,155511.8863345383
V10853,0.35595071163759795,0.9999999999980032,0.11110928554696527,50651689,1068082887.4768686,150074.8752953307
V10854,0.3774352368984935,1.0,0.2528816545868892,53406864,1127587808.556702,154294.99296068717
V10855,0.3643241324506967,1.0,0.09918447001157063,51451929,1100082475.9328058,153364.34907748582
V10856,0.3677315227622173,1.0,0.09353473174754724,50851161,1162485306.1071265,163018.55365406346
V10857,0.3683174450242539,1.0,0.15528587395387256,52838361,1193966769.4693244,164254.6112903184
V10858,0.3654155573110254,1.0,0.13489339460773855,52881984,1102493696.570283,151608.0440828222
V10859,0.3656775588360473,1.0,0.09938360543300317,51581124,1117628990.3004596,155615.28687001666
V10860,0.36872948495716285,1.0,0.0918872308926322,50268100,1103152919.73112,155592.79544867703
V10861,0.3612456100494761,1.0,0.09911722838476233,51494976,1122571731.43668,156434.18776988296
V10862,0.3676846929072243,1.0,0.35510023915299516,54375876,1155545779.0515628,156705.4216234829
V10863,0.3682565389505587,1.0,0.10353141402301091,51365889,1179500619.954246,164573.8272574642
V10864,0.3628782859745618,1.0,0.10277195671211035,51308569,1150786179.6938627,160657.0123822229
V10865,0.36619708940595525,1.0,0.11362535018876284,50537881,1067221891.3463237,150122.64613114696
V10866,0.3529014188249467,1.0,0.09900060275337388,51408900,1137034365.1844559,158582.19877049595
V10867,0.3643013174958198,1.0,0.18796970087810025,51065316,1204559200.665674,168564.11988044696
V10868,0.3646625222219041,1.0,0.2641030436399378,51868804,1223575750.3617125,169893.88369365627
V10869,0.364786382567465,1.0,0.08087404006824445,49801249,1127327240.2915177,159745.96008098594
V10870,0.3695911966770451,1.0,0.4000610378433658,50225569,1195870896.8713536,168741.4839666084
V10871,0.3546726825358785,1.0,0.14128688889915256,52969284,1168667081.488074,160575.3066073199
V10872,0.35785568455476463,1.0,0.17163396535419248,50908225,1195385558.869652,167538.2703391243
V10873,0.3674278657979165,1.0,0.09902482567507491,51480625,1112168256.9109302,155006.0288377603
V10874,0.3622639275981832,1.0,0.17129105016984317,51840000,1210295995.5885348,168096.66605396318
V10875,0.3579412998976204,1.0,0.11499204023215105,50168889,1144197576.6915674,161541.3774801027
V10876,0.36906911306136336,1.0,0.12589629047091483,53056656,1161381592.1670148,159442.8325325391
V10877,0.3619938720347795,1.0,0.11771496863848448,52316289,1093264023.283277,151149.457110919
V10878,0.3526668173148889,1.0,0.9998040474518693,54952569,1130818054.091504,152545.26562680482
V10879,0.3730556236284898,1.0,0.13624926468183315,52432081,1217295723.079762,168111.54855403423
V10880,0.3589595732099826,1.0,0.11198118050706854,52475536,1163787160.520998,160655.32309787383
V10881,0.3622226407253593,1.0,0.3158994715148064,52490025,1234369430.7368553,170375.35275871019
V10882,0.36925272173182166,1.0,0.1120786107269494,52649536,1131816369.3527236,155983.51286559034
V10883,0.36685592508416276,0.9999999999999998,0.10829919632800555,51955264,1092084273.9684498,151510.0269101623
V10884,0.35841779111784755,1.0,0.11075975999274248,52432081,1150693264.2721872,158913.5843491489
V10885,0.36812560074511247,1.0,0.10388795499022066,51753636,1106862449.391356,153859.11167519543
V10886,0.3696716998926018,1.0,0.08010175572766969,49744809,1095852088.0016897,155373.89593104916
V10887,0.3664705792865009,1.0,0.10460781581702773,51279921,1189378851.6197894,166091.1676609118
V10888,0.36656390940473793,1.0,0.6613855108643046,51136801,1261891755.3870199,176463.67716221785
V10889,0.3730851164174941,0.9999999999999993,0.2805172779707474,50310649,1012690508.948077,142773.22838687114
V10890,0.3667633430870905,1.0,0.110736750993332,52099524,1189624691.9898944,164813.61762121008
V10891,0.3664883456164689,1.0,0.6531255748325423,50651689,1252716379.8050575,176017.47643741147
V10892,0.3719209819146352,1.0,0.16906828049322808,50282281,1056880513.3913199,149045.3410508137
V10893,0.36293917557405625,1.0,0.09570419411393558,50936769,1087060414.859407,152313.35503144277
V10894,0.3708251587715906,1.0,0.9999999999032826,54051904,1301307882.964156,177000.5281507285
V10895,0.3721466883800485,1.0,0.11578860419287053,52649536,1189767787.2292309,163970.20220910019
V10896,0.36773072804511586,1.0,0.07883217948258915,49617936,1086550008.703258,154251.84677786173
V10897,0.37434532175397367,1.0,0.10263609974706053,51724864,1120395931.3764365,155783.63895667915
V10898,0.3609522545482023,1.0,0.10528071954028946,51897616,1119565046.2427316,155408.80708533197
V10899,0.36555372769730776,0.9999999999999998,0.10794950650154386,52128400,1133799822.302574,157035.98646850055
V10900,0.3606682605299612,1.0,0.15199762418448615,52983841,1170033913.4814885,160741.02397053008
V10901,0.3716625321649471,1.0,0.09288396553423053,50466816,1097187291.0796108,154446.40921728755
V10902,0.3696095351720213,1.0,0.4711044654794889,51883209,1245252067.0143394,172879.64278971808
V10903,0.37194850147873526,1.0,0.09670893985152872,51194025,1113822898.460941,155670.56582263327
V10904,0.3764616505459664,0.9999999999999998,0.0805970584839846,49561600,1116402135.9003146,158579.8488494765
V10905,0.374003931955543,1.0,0.4037244583690635,54037201,1097703337.0012136,149327.07618027664
V10906,0.36038069643344767,1.0,0.11349594390095885,50197225,1087174653.3163078,153447.3752034309
V10907,0.3639311249437659,1.0,0.1780957122050221,51681721,1037768492.0245423,144355.05522667163
V10908,0.3659365242071996,1.0,0.23385556559744447,50183056,1172848701.2748015,165563.05777453436
V10909,0.35915503648145336,1.0,0.31129405667620097,52056225,1234059331.1418538,171040.79433705527
V10910,0.36754699436125,1.0,0.10445641744442763,51681721,1139538153.08601,158511.35805898038
V10911,0.35994249809261203,1.0,0.11272331526185293,52591504,1149231935.030696,158471.03351223056
V10912,0.37353828257069477,1.0,0.47032530014370866,53582400,1218968371.221947,166525.73377349004
V10913,0.372943475991888,1.0,0.4422613074944962,51998521,1236189057.722285,171431.0161866988
V10914,0.3667828763662845,1.0,0.0923927883072551,50608996,1127904539.5551503,158547.16608871947
V10915,0.374213734107394,0.9999999999999998,0.1134133745283722,52649536,1128862377.9104068,155576.40268886532
V10916,0.3594604483178647,1.0,0.10068842185718685,51208336,1149880555.8768706,160687.61261554927
V10917,0.3605106491675538,1.0,0.921996211614124,53963716,1269164250.8251698,172769.432456462
V10918,0.36996643554343966,1.0,0.11414146732114644,52446564,1188086739.806063,164055.05934908355
V10919,0.35843552917887606,1.0,0.10867442913805346,51782416,1199625609.4966943,166707.28314295362
V10920,0.3683881105716456,1.0,0.08951783678162616,50438404,1108799715.7899287,156124.99518303698
V10921,0.37413323961065253,1.0,0.09948863508584935,51322896,1151439552.672693,160725.7890386227
V10922,0.3577703412691122,1.0,0.14158894622046864,50098084,1144473285.8398116,161694.44558347153
V10923,0.3693952906053821,0.9999999999999998,0.09570602655369434,50509449,1089062315.2704535,153237.97879139628
V10924,0.3708926740148769,1.0,0.11237882957628381,52301824,1185937438.925021,163984.7122407385
V10925,0.3587775479718742,1.0,0.10963362642625187,50211396,1131866424.5226068,159732.77230067836
V10926,0.3677460250761509,1.0,0.09850713005561323,50808384,1168868929.4901555,163982.7342157906
V10927,0.36797481482340233,1.0,0.1094041902572684,52345225,1110061936.7070227,153429.4314729817
V10928,0.3581517722427887,1.0,0.0759882431284325,49322529,1081108845.4784648,153938.32343421114
V10929,0.36705871766155307,1.0,0.09052696709710958,50765625,1124319522.3756444,157799.23121061677
V10930,0.37075910038540705,1.0,0.10967723761866861,52417600,1139885463.46092,157442.7435719503
V10931,0.36557867106790615,1.0,0.10231752822759259,51451929,1142155077.7285895,159229.76128936143
V10932,0.3669194157833343,1.0,0.0954632207363611,50339025,1096207767.0369189,154504.26596714853
V10933,0.3607465098237811,1.0,0.6632478977064893,50410000,1242038575.9470367,174935.01069676573
V10934,0.3567723452947851,1.0,0.18105107805147666,50339025,1175593389.8999038,165693.21915432048
V10935,0.36086538647025074,1.0,0.41956108469487696,53816896,1204132237.0491047,164140.1631746326
V10936,0.3646507294320704,1.0,0.10521002808655541,51753636,1120735763.0164146,155787.56783658807
V10937,0.3641082119583117,1.0,0.10269395538397225,51552400,1141949362.3387163,159045.87219202175
V10938,0.3653355897725088,1.0,0.10883081441747218,52388644,1134552918.6856577,156749.50520663965
V10939,0.3724062024666244,1.0,0.07843939415256558,49280400,1169128844.4087465,166542.57042859637
V10940,0.3732189167047632,1.0,0.09771197287086326,50922496,1150417413.6181772,161213.20258102258
V10941,0.3723369448891085,0.9999999999999998,0.11229548407161741,52012944,1103244328.6020453,152973.42326706118
V10942,0.3646653484688637,1.0,0.10458180493567239,51552400,1175058593.249075,163657.1856892862
V10943,0.35744265754248095,1.0,0.1029165075147063,51868804,1117876999.8114455,155217.57842424957
V10944,0.35442323184777275,1.0,0.10412634542949009,51696100,1147322613.4353297,159571.99074204863
V10945,0.356283291955217,1.0,0.0941758857897387,50836900,1131388202.030101,158679.97223423579
V10946,0.3637934693248368,1.0,0.1733762943828608,50424201,1045525602.9245718,147236.3896528055
V10947,0.36022237404165036,1.0,0.4526412578372293,50438404,1216015683.0422392,171221.5830811376
V10948,0.3642242292313957,1.0,0.09900582872171049,51165409,1137522895.558741,159027.3864894088
V10949,0.36050365107295,1.0,0.09263230669088901,50438404,1111174956.0149,156459.44184946493
V10950,0.3570037921911679,1.0,0.11266744909994288,50353216,1148122893.688545,161798.60395836315
V10951,0.35945960327752907,1.0,0.08241050344078633,49942489,1228370884.8663685,173817.86965704945
V10952,0.3749879669761927,1.0,0.09750076841276362,50936769,1152151780.2410254,161433.62480608455
V10953,0.37119966523048314,1.0,0.10210703048347597,50324836,1129956480.6902657,159283.40579225624
V10954,0.361234928420236,0.9999999999999998,0.09402344153881295,50509449,1114007943.8278165,156747.98703078888
V10955,0.3624821991626951,1.0,0.08094330541906461,49928356,1173773129.6739545,166115.6424673018
V10956,0.3559861243918295,1.0,0.09555192290599475,51122500,1109945110.0832007,155237.07833331477
V10957,0.3709185241683187,1.0,0.10558543566193776,51208336,1185492700.3680334,165664.15600447645
V10958,0.36963048404197524,1.0,0.0972515044045913,51294244,1096143781.8771842,153049.95558184644
V10959,0.36967562024964307,1.0,0.10836946031836614,51825601,1170379973.4170403,162575.35399597726
V10960,0.3619600041517688,1.0,0.1559542870054967,50268100,1162766161.6366816,164000.86906018076
V10961,0.36736296246362654,1.0,0.11797533790925471,52954729,1135020639.4351106,155973.7033715969
V10962,0.36937401383634805,1.0,0.4841281680604841,50438404,1221546311.1305773,172000.3254196814
V10963,0.3749193388122742,1.0,0.12884636672156694,52027369,1209157965.1395686,167635.93028414925
V10964,0.3704116261155195,1.0,0.4223136875852298,50424201,1208231207.2683842,170149.44476389018
V10965,0.361723461467171,1.0,0.08291793593653832,49942489,1191437040.1875958,168591.62872330492
V10966,0.3686542599738925,1.0,0.09459576016459054,50751376,1091200936.0992632,153172.50647098024
V10967,0.36458006203326243,1.0,0.9037379306862349,54169600,1256406146.2307575,170707.3568248312
V10968,0.3649723940064604,1.0,0.11885092089738762,51308569,1073378814.4471581,149850.4557374226
V10969,0.35665051733144904,1.0,0.3729897525143279,53978409,1166555723.4055629,158779.87252015283
V10970,0.3651666429366278,0.9999999999999998,0.11536837292998724,52794756,1128609411.8872,155327.4720461327
V10971,0.35334498701510325,1.0,0.19398155325569766,53699584,1159268973.6475353,158197.18526849555
V10972,0.36371602968192596,1.0,0.09274866600984379,50993881,1101311073.067326,154223.64837800394
V10973,0.36365239417142425,1.0,0.17777122329352885,50268100,1165790483.101848,164427.430620853
V10974,0.3698385875981674,1.0,0.08082702789298403,49547521,1188258684.8731568,168810.7238063868
V10975,0.35357645928959475,1.0,0.27180378529709837,52475536,1225694577.6720858,169201.3497614696
V10976,0.35861155487348334,1.0,0.10500258738862182,51251281,1179937251.586583,164818.72490383894
V10977,0.37333853664472066,1.0,0.11838586965966286,50737129,1173545020.6377647,164754.31989860517
V10978,0.3639631237771811,1.0,0.07735173851448399,49406841,1209555713.8463757,172080.7673703764
V10979,0.3612179678007595,1.0,0.11391442925418008,52461049,1164740402.7969062,160809.1126324598
V10980,0.36392103873630693,1.0,0.09184714691368605,50466816,1104490659.9181964,155474.4735245209
V10981,0.36722759605707983,1.0,0.09195000126610718,50680161,1141198741.1681654,160303.2365736993
V10982,0.36251944035677575,1.0,0.18723518090412472,53246209,1181613455.0082529,161931.4040027755
V10983,0.36248226902232844,1.0,0.20194967229697752,51065316,1205464352.5576515,168690.78541248973
V10984,0.36291083145323577,1.0,0.09335595505953992,50552100,1095465625.6761158,154073.92766190096
V10985,0.359482374943022,1.0,0.10114032156398019,51122500,1165480863.913367,163004.31663124013
V10986,0.3651601639605976,1.0,0.10771945508857188,52359696,1143203639.1968606,157988.3415142151
V10987,0.35932824007349307,1.0,0.10428502657934562,52287361,1115214319.3156123,154226.84543156027
V10988,0.36647256770076403,1.0,0.11610703257513338,52142841,1204194805.4307783,166762.8867789473
V10989,0.36078973163952327,1.0,0.09188404086455318,50594769,1093061478.2105553,153670.95152686
V10990,0.3761170622913915,1.0,0.10468115125964343,51811204,1151053650.0458465,159912.98277936183
V10991,0.3653178312925127,1.0,0.15854681119597447,50353216,1062539061.5122766,149737.74824017426
V10992,0.3696954271437113,1.0,0.22871841768520546,50197225,1171934056.25271,165410.59368422162
V10993,0.35797821329507495,1.0,0.09914344777151358,50594769,1164405489.9418502,163701.0389346057
V10994,0.3641928610526419,1.0,0.10883568140327537,52359696,1140976393.2834258,157680.54080754917
V10995,0.3669685563151305,1.0,0.1804065027993706,53187849,1189749965.7843184,163135.87903254057
V10996,0.36321863798089793,1.0,0.09867145566796853,50779876,1161689482.3896666,163021.25770273176
V10997,0.36626761817256304,1.0,0.12658961749130146,52794756,1192400053.0008888,164106.80608324922
V10998,0.3606532280805791,1.0,0.5873348421529327,53758224,1242368459.5485666,169444.6889727996
V10999,0.3657595279954185,1.0,0.10709505968923362,51912025,1171573353.7252748,162605.60079462524
